seq_id,residue_name,residue,atom,shift,ss_class,bmrb_id,pdb_id
1,SER,S,CA,56.55,unknown,16318,2JWU
1,SER,S,CA,57.727,unknown,16318,2JWU
1,SER,S,CB,63.4,unknown,16318,2JWU
1,SER,S,CB,63.375,unknown,16318,2JWU
1,SER,S,HA,4.867,unknown,16318,2JWU
1,SER,S,HA,4.487,unknown,16318,2JWU
1,SER,S,HB2,3.943,unknown,16318,2JWU
1,SER,S,HB2,3.817,unknown,16318,2JWU
1,SER,S,HB3,4.28,unknown,16318,2JWU
1,SER,S,HB3,3.817,unknown,16318,2JWU
2,PRO,P,CA,64.81,unknown,16318,2JWU
2,HIS,H,CA,55.844,unknown,16318,2JWU
2,PRO,P,CB,31.907,unknown,16318,2JWU
2,HIS,H,CB,30.495,unknown,16318,2JWU
2,PRO,P,CD,51.205,unknown,16318,2JWU
2,HIS,H,CD2,118.65,unknown,16318,2JWU
2,HIS,H,CE1,136.76,unknown,16318,2JWU
2,PRO,P,CG,27.771,unknown,16318,2JWU
2,PRO,P,HA,4.433,unknown,16318,2JWU
2,HIS,H,HA,4.636,unknown,16318,2JWU
2,PRO,P,HB2,1.935,unknown,16318,2JWU
2,HIS,H,HB2,3.9,unknown,16318,2JWU
2,PRO,P,HB3,2.362,unknown,16318,2JWU
2,HIS,H,HB3,3.144,unknown,16318,2JWU
2,PRO,P,HD2,3.823,unknown,16318,2JWU
2,HIS,H,HD2,7.43,unknown,16318,2JWU
2,PRO,P,HD3,3.913,unknown,16318,2JWU
2,HIS,H,HE1,7.934,unknown,16318,2JWU
2,PRO,P,HG2,2.38,unknown,16318,2JWU
2,PRO,P,HG3,2.113,unknown,16318,2JWU
3,GLN,Q,CA,59.103,unknown,16318,2JWU
3,MET,M,CA,54.903,unknown,16318,2JWU
3,GLN,Q,CB,28.595,unknown,16318,2JWU
3,MET,M,CB,33.84,unknown,16318,2JWU
3,GLN,Q,CG,34.479,unknown,16318,2JWU
3,MET,M,CG,31.907,unknown,16318,2JWU
3,GLN,Q,H,8.442,unknown,16318,2JWU
3,MET,M,H,8.23,unknown,16318,2JWU
3,GLN,Q,HA,3.889,unknown,16318,2JWU
3,MET,M,HA,4.43,unknown,16318,2JWU
3,GLN,Q,HB2,2.6,unknown,16318,2JWU
3,MET,M,HB2,1.914,unknown,16318,2JWU
3,GLN,Q,HB3,2.6,unknown,16318,2JWU
3,MET,M,HB3,2.36,unknown,16318,2JWU
3,GLN,Q,HE21,6.949,unknown,16318,2JWU
3,GLN,Q,HE22,7.358,unknown,16318,2JWU
3,GLN,Q,HG2,2.498,unknown,16318,2JWU
3,MET,M,HG2,2.417,unknown,16318,2JWU
3,GLN,Q,HG3,2.498,unknown,16318,2JWU
3,MET,M,HG3,2.495,unknown,16318,2JWU
3,GLN,Q,N,115.685,unknown,16318,2JWU
3,MET,M,N,121.881,unknown,16318,2JWU
3,GLN,Q,NE2,112.467,unknown,16318,2JWU
4,GLU,E,CA,57.727,coil,16318,2JWU
4,ALA,A,CA,51.255,coil,16318,2JWU
4,GLU,E,CB,30.25,coil,16318,2JWU
4,ALA,A,CB,18.796,coil,16318,2JWU
4,GLU,E,CG,36.714,coil,16318,2JWU
4,GLU,E,H,8.161,coil,16318,2JWU
4,ALA,A,H,8.269,coil,16318,2JWU
4,GLU,E,HA,4.197,coil,16318,2JWU
4,ALA,A,HA,4.586,coil,16318,2JWU
4,ALA,A,HB1,1.365,coil,16318,2JWU
4,GLU,E,HB2,2.79,coil,16318,2JWU
4,ALA,A,HB2,1.365,coil,16318,2JWU
4,GLU,E,HB3,2.79,coil,16318,2JWU
4,ALA,A,HB3,1.365,coil,16318,2JWU
4,GLU,E,HG2,2.291,coil,16318,2JWU
4,GLU,E,HG3,2.291,coil,16318,2JWU
4,GLU,E,N,121.941,coil,16318,2JWU
4,ALA,A,N,126.758,coil,16318,2JWU
5,SER,S,CA,60.8,strand,16318,2JWU
5,PRO,P,CA,61.257,strand,16318,2JWU
5,SER,S,CB,63.435,strand,16318,2JWU
5,PRO,P,CB,30.966,strand,16318,2JWU
5,PRO,P,CD,50.499,strand,16318,2JWU
5,PRO,P,CG,27.907,strand,16318,2JWU
5,SER,S,H,8.291,strand,16318,2JWU
5,SER,S,HA,4.28,strand,16318,2JWU
5,PRO,P,HA,4.705,strand,16318,2JWU
5,SER,S,HB2,3.92,strand,16318,2JWU
5,PRO,P,HB2,1.892,strand,16318,2JWU
5,SER,S,HB3,3.92,strand,16318,2JWU
5,PRO,P,HB3,2.312,strand,16318,2JWU
5,PRO,P,HD2,3.653,strand,16318,2JWU
5,PRO,P,HD3,3.78,strand,16318,2JWU
5,PRO,P,HG2,2.19,strand,16318,2JWU
5,PRO,P,HG3,2.19,strand,16318,2JWU
5,SER,S,N,116.36,strand,16318,2JWU
6,GLU,E,CA,56.55,strand,16318,2JWU
6,GLU,E,CB,30.495,strand,16318,2JWU
6,ARG,R,CD,43.203,strand,16318,2JWU
6,GLU,E,CG,36.379,strand,16318,2JWU
6,ARG,R,H,7.935,strand,16318,2JWU
6,GLU,E,H,8.468,strand,16318,2JWU
6,ARG,R,HA,4.12,strand,16318,2JWU
6,GLU,E,HA,4.15,strand,16318,2JWU
6,GLU,E,HB2,1.95,strand,16318,2JWU
6,GLU,E,HB3,1.95,strand,16318,2JWU
6,ARG,R,HD2,3.228,strand,16318,2JWU
6,ARG,R,HD3,3.228,strand,16318,2JWU
6,GLU,E,HG2,2.191,strand,16318,2JWU
6,GLU,E,HG3,2.269,strand,16318,2JWU
6,ARG,R,N,122.139,strand,16318,2JWU
6,GLU,E,N,121.693,strand,16318,2JWU
7,ASP,D,CA,51.255,strand,16318,2JWU
7,ASP,D,CB,42.262,strand,16318,2JWU
7,ARG,R,H,7.952,strand,16318,2JWU
7,ASP,D,H,8.574,strand,16318,2JWU
7,ARG,R,HA,3.939,strand,16318,2JWU
7,ASP,D,HA,5.2,strand,16318,2JWU
7,ARG,R,HB2,1.88,strand,16318,2JWU
7,ASP,D,HB2,2.677,strand,16318,2JWU
7,ARG,R,HB3,1.88,strand,16318,2JWU
7,ASP,D,HB3,3.123,strand,16318,2JWU
7,ARG,R,HD2,3.184,strand,16318,2JWU
7,ARG,R,HD3,3.184,strand,16318,2JWU
7,ARG,R,HG2,1.579,strand,16318,2JWU
7,ARG,R,HG3,1.703,strand,16318,2JWU
7,ARG,R,N,119.527,strand,16318,2JWU
7,ASP,D,N,120.873,strand,16318,2JWU
8,LEU,L,CA,56.786,strand,16318,2JWU
8,PRO,P,CA,63.61,strand,16318,2JWU
8,LEU,L,CB,41.556,strand,16318,2JWU
8,PRO,P,CB,32.378,strand,16318,2JWU
8,PRO,P,CD,51.44,strand,16318,2JWU
8,LEU,L,CD1,24.976,strand,16318,2JWU
8,LEU,L,CD2,25.233,strand,16318,2JWU
8,LEU,L,CG,27.454,strand,16318,2JWU
8,PRO,P,CG,26.73,strand,16318,2JWU
8,LEU,L,H,8.12,strand,16318,2JWU
8,LEU,L,HA,4.188,strand,16318,2JWU
8,PRO,P,HA,4.465,strand,16318,2JWU
8,LEU,L,HB2,1.882,strand,16318,2JWU
8,PRO,P,HB2,1.957,strand,16318,2JWU
8,LEU,L,HB3,1.658,strand,16318,2JWU
8,PRO,P,HB3,2.372,strand,16318,2JWU
8,LEU,L,HD11,0.914,strand,16318,2JWU
8,LEU,L,HD12,0.914,strand,16318,2JWU
8,LEU,L,HD13,0.914,strand,16318,2JWU
8,PRO,P,HD2,3.863,strand,16318,2JWU
8,LEU,L,HD21,0.935,strand,16318,2JWU
8,LEU,L,HD22,0.935,strand,16318,2JWU
8,LEU,L,HD23,0.935,strand,16318,2JWU
8,PRO,P,HD3,3.975,strand,16318,2JWU
8,LEU,L,HG,1.728,strand,16318,2JWU
8,PRO,P,HG2,1.944,strand,16318,2JWU
8,PRO,P,HG3,2.41,strand,16318,2JWU
8,LEU,L,N,120.237,strand,16318,2JWU
9,SER,S,CA,61.728,unknown,16318,2JWU
9,ASN,N,CA,53.558,unknown,16318,2JWU
9,SER,S,CB,62.198,unknown,16318,2JWU
9,ASN,N,CB,38.497,unknown,16318,2JWU
9,SER,S,H,8.86,unknown,16318,2JWU
9,ASN,N,H,8.301,unknown,16318,2JWU
9,SER,S,HA,4.224,unknown,16318,2JWU
9,ASN,N,HA,4.809,unknown,16318,2JWU
9,SER,S,HB2,3.916,unknown,16318,2JWU
9,ASN,N,HB2,2.819,unknown,16318,2JWU
9,SER,S,HB3,4.24,unknown,16318,2JWU
9,ASN,N,HB3,2.819,unknown,16318,2JWU
9,ASN,N,HD21,6.779,unknown,16318,2JWU
9,ASN,N,HD22,7.336,unknown,16318,2JWU
9,SER,S,N,116.214,unknown,16318,2JWU
9,ASN,N,N,117.19,unknown,16318,2JWU
9,ASN,N,ND2,110.925,unknown,16318,2JWU
10,ILE,I,CA,64.787,unknown,16318,2JWU
10,GLU,E,CA,60.8,unknown,16318,2JWU
10,ILE,I,CB,38.732,unknown,16318,2JWU
10,GLU,E,CB,29.554,unknown,16318,2JWU
10,ILE,I,CD1,15.27,unknown,16318,2JWU
10,GLU,E,CG,35.908,unknown,16318,2JWU
10,ILE,I,CG1,27.671,unknown,16318,2JWU
10,ILE,I,CG2,17.62,unknown,16318,2JWU
10,ILE,I,H,8.133,unknown,16318,2JWU
10,GLU,E,H,7.366,unknown,16318,2JWU
10,ILE,I,HA,3.51,unknown,16318,2JWU
10,GLU,E,HA,3.641,unknown,16318,2JWU
10,ILE,I,HB,1.857,unknown,16318,2JWU
10,GLU,E,HB2,2.225,unknown,16318,2JWU
10,GLU,E,HB3,2.225,unknown,16318,2JWU
10,ILE,I,HD11,1.2,unknown,16318,2JWU
10,ILE,I,HD12,1.2,unknown,16318,2JWU
10,ILE,I,HD13,1.2,unknown,16318,2JWU
10,ILE,I,HG12,1.149,unknown,16318,2JWU
10,ILE,I,HG13,1.389,unknown,16318,2JWU
10,GLU,E,HG2,2.215,unknown,16318,2JWU
10,ILE,I,HG21,0.57,unknown,16318,2JWU
10,ILE,I,HG22,0.57,unknown,16318,2JWU
10,ILE,I,HG23,0.57,unknown,16318,2JWU
10,GLU,E,HG3,2.215,unknown,16318,2JWU
10,ILE,I,N,122.927,unknown,16318,2JWU
10,GLU,E,N,122.354,unknown,16318,2JWU
11,GLN,Q,CA,58.9,unknown,16318,2JWU
11,GLU,E,CA,59.139,unknown,16318,2JWU
11,GLU,E,CB,29.83,unknown,16318,2JWU
11,GLN,Q,CG,34.261,unknown,16318,2JWU
11,GLU,E,CG,36.379,unknown,16318,2JWU
11,GLN,Q,H,8.25,unknown,16318,2JWU
11,GLU,E,H,8.618,unknown,16318,2JWU
11,GLN,Q,HA,3.98,unknown,16318,2JWU
11,GLU,E,HA,3.933,unknown,16318,2JWU
11,GLN,Q,HB2,2.225,unknown,16318,2JWU
11,GLU,E,HB2,2.26,unknown,16318,2JWU
11,GLN,Q,HB3,2.225,unknown,16318,2JWU
11,GLU,E,HB3,2.26,unknown,16318,2JWU
11,GLN,Q,HE21,6.799,unknown,16318,2JWU
11,GLN,Q,HE22,7.41,unknown,16318,2JWU
11,GLN,Q,HG2,2.413,unknown,16318,2JWU
11,GLU,E,HG2,2.122,unknown,16318,2JWU
11,GLN,Q,HG3,2.507,unknown,16318,2JWU
11,GLU,E,HG3,2.268,unknown,16318,2JWU
11,GLN,Q,N,118.893,unknown,16318,2JWU
11,GLU,E,N,120.391,unknown,16318,2JWU
11,GLN,Q,NE2,111.135,unknown,16318,2JWU
12,ARG,R,CA,57.73,unknown,16318,2JWU
12,ALA,A,CA,55.205,unknown,16318,2JWU
12,ALA,A,CB,20.695,unknown,16318,2JWU
12,ARG,R,CD,42.965,unknown,16318,2JWU
12,ARG,R,CG,28.142,unknown,16318,2JWU
12,ARG,R,H,8.272,unknown,16318,2JWU
12,ALA,A,H,8.28,unknown,16318,2JWU
12,ARG,R,HA,4.168,unknown,16318,2JWU
12,ALA,A,HA,4.18,unknown,16318,2JWU
12,ALA,A,HB1,1.599,unknown,16318,2JWU
12,ARG,R,HB2,2.2,unknown,16318,2JWU
12,ALA,A,HB2,1.599,unknown,16318,2JWU
12,ARG,R,HB3,2.2,unknown,16318,2JWU
12,ALA,A,HB3,1.599,unknown,16318,2JWU
12,ARG,R,HD2,3.163,unknown,16318,2JWU
12,ARG,R,HD3,3.163,unknown,16318,2JWU
12,ARG,R,HG2,1.672,unknown,16318,2JWU
12,ARG,R,HG3,1.91,unknown,16318,2JWU
12,ARG,R,N,119.56,unknown,16318,2JWU
12,ALA,A,N,122.378,unknown,16318,2JWU
13,CYS,C,CA,63.61,unknown,16318,2JWU
13,VAL,V,CA,66.199,unknown,16318,2JWU
13,CYS,C,CB,26.965,unknown,16318,2JWU
13,VAL,V,CB,31.907,unknown,16318,2JWU
13,VAL,V,CG1,24.679,unknown,16318,2JWU
13,VAL,V,CG2,22.796,unknown,16318,2JWU
13,VAL,V,H,7.773,unknown,16318,2JWU
13,CYS,C,HA,4.176,unknown,16318,2JWU
13,VAL,V,HA,3.974,unknown,16318,2JWU
13,VAL,V,HB,2.162,unknown,16318,2JWU
13,CYS,C,HB2,2.831,unknown,16318,2JWU
13,CYS,C,HB3,3.159,unknown,16318,2JWU
13,VAL,V,HG11,1.297,unknown,16318,2JWU
13,VAL,V,HG12,1.297,unknown,16318,2JWU
13,VAL,V,HG13,1.297,unknown,16318,2JWU
13,VAL,V,HG21,1.149,unknown,16318,2JWU
13,VAL,V,HG22,1.149,unknown,16318,2JWU
13,VAL,V,HG23,1.149,unknown,16318,2JWU
13,VAL,V,N,116.653,unknown,16318,2JWU
14,ILE,I,CA,65.22,strand,16318,2JWU
14,SER,S,CA,60.786,strand,16318,2JWU
14,ILE,I,CB,37.32,strand,16318,2JWU
14,SER,S,CB,62.434,strand,16318,2JWU
14,ILE,I,CD1,13.148,strand,16318,2JWU
14,ILE,I,CG1,29.851,strand,16318,2JWU
14,ILE,I,CG2,19.31,strand,16318,2JWU
14,ILE,I,H,8.597,strand,16318,2JWU
14,SER,S,H,8.288,strand,16318,2JWU
14,ILE,I,HA,3.735,strand,16318,2JWU
14,SER,S,HA,4.62,strand,16318,2JWU
14,ILE,I,HB,2.163,strand,16318,2JWU
14,SER,S,HB2,3.918,strand,16318,2JWU
14,SER,S,HB3,4.8,strand,16318,2JWU
14,ILE,I,HD11,0.59,strand,16318,2JWU
14,ILE,I,HD12,0.59,strand,16318,2JWU
14,ILE,I,HD13,0.59,strand,16318,2JWU
14,ILE,I,HG12,0.953,strand,16318,2JWU
14,ILE,I,HG13,1.518,strand,16318,2JWU
14,ILE,I,HG21,1.119,strand,16318,2JWU
14,ILE,I,HG22,1.119,strand,16318,2JWU
14,ILE,I,HG23,1.119,strand,16318,2JWU
14,ILE,I,N,120.174,strand,16318,2JWU
14,SER,S,N,115.328,strand,16318,2JWU
15,GLN,Q,CA,59.139,strand,16318,2JWU
15,GLN,Q,CA,57.492,strand,16318,2JWU
15,GLN,Q,CB,28.377,strand,16318,2JWU
15,GLN,Q,CB,28.613,strand,16318,2JWU
15,GLN,Q,CG,34.261,strand,16318,2JWU
15,GLN,Q,CG,34.261,strand,16318,2JWU
15,GLN,Q,H,8.105,strand,16318,2JWU
15,GLN,Q,H,7.775,strand,16318,2JWU
15,GLN,Q,HA,4.7,strand,16318,2JWU
15,GLN,Q,HA,4.19,strand,16318,2JWU
15,GLN,Q,HB2,2.303,strand,16318,2JWU
15,GLN,Q,HB2,2.24,strand,16318,2JWU
15,GLN,Q,HB3,2.199,strand,16318,2JWU
15,GLN,Q,HB3,2.216,strand,16318,2JWU
15,GLN,Q,HE21,6.88,strand,16318,2JWU
15,GLN,Q,HE21,6.745,strand,16318,2JWU
15,GLN,Q,HE22,7.508,strand,16318,2JWU
15,GLN,Q,HE22,7.492,strand,16318,2JWU
15,GLN,Q,HG2,2.442,strand,16318,2JWU
15,GLN,Q,HG2,2.317,strand,16318,2JWU
15,GLN,Q,HG3,2.618,strand,16318,2JWU
15,GLN,Q,HG3,2.512,strand,16318,2JWU
15,GLN,Q,N,119.677,strand,16318,2JWU
15,GLN,Q,N,119.35,strand,16318,2JWU
15,GLN,Q,NE2,111.487,strand,16318,2JWU
15,GLN,Q,NE2,111.779,strand,16318,2JWU
16,SER,S,CA,61.963,strand,16318,2JWU
16,ILE,I,CA,61.492,strand,16318,2JWU
16,SER,S,CB,63.425,strand,16318,2JWU
16,ILE,I,CB,37.32,strand,16318,2JWU
16,ILE,I,CD1,12.206,strand,16318,2JWU
16,ILE,I,CG1,28.142,strand,16318,2JWU
16,ILE,I,CG2,18.56,strand,16318,2JWU
16,SER,S,H,8.115,strand,16318,2JWU
16,ILE,I,H,7.217,strand,16318,2JWU
16,SER,S,HA,4.407,strand,16318,2JWU
16,ILE,I,HA,3.788,strand,16318,2JWU
16,ILE,I,HB,1.74,strand,16318,2JWU
16,SER,S,HB2,3.973,strand,16318,2JWU
16,SER,S,HB3,3.912,strand,16318,2JWU
16,ILE,I,HD11,0.605,strand,16318,2JWU
16,ILE,I,HD12,0.605,strand,16318,2JWU
16,ILE,I,HD13,0.605,strand,16318,2JWU
16,ILE,I,HG12,1.313,strand,16318,2JWU
16,ILE,I,HG21,0.251,strand,16318,2JWU
16,ILE,I,HG22,0.251,strand,16318,2JWU
16,ILE,I,HG23,0.251,strand,16318,2JWU
16,SER,S,N,116.542,strand,16318,2JWU
16,ILE,I,N,117.427,strand,16318,2JWU
17,LEU,L,CA,58.286,coil,16318,2JWU
17,PHE,F,CA,55.374,coil,16318,2JWU
17,LEU,L,CB,42.262,coil,16318,2JWU
17,PHE,F,CB,42.27,coil,16318,2JWU
17,LEU,L,CD1,24.689,coil,16318,2JWU
17,LEU,L,CD2,27.201,coil,16318,2JWU
17,PHE,F,CE1,129.605,coil,16318,2JWU
17,PHE,F,CE2,129.37,coil,16318,2JWU
17,LEU,L,CG,27.145,coil,16318,2JWU
17,LEU,L,H,8.496,coil,16318,2JWU
17,PHE,F,H,8.37,coil,16318,2JWU
17,LEU,L,HA,3.97,coil,16318,2JWU
17,PHE,F,HA,4.407,coil,16318,2JWU
17,LEU,L,HB2,1.648,coil,16318,2JWU
17,PHE,F,HB2,2.913,coil,16318,2JWU
17,LEU,L,HB3,2.425,coil,16318,2JWU
17,PHE,F,HB3,2.913,coil,16318,2JWU
17,PHE,F,HD1,7.144,coil,16318,2JWU
17,LEU,L,HD11,1.103,coil,16318,2JWU
17,LEU,L,HD12,1.103,coil,16318,2JWU
17,LEU,L,HD13,1.103,coil,16318,2JWU
17,PHE,F,HD2,6.788,coil,16318,2JWU
17,LEU,L,HD21,0.882,coil,16318,2JWU
17,LEU,L,HD22,0.882,coil,16318,2JWU
17,LEU,L,HD23,0.882,coil,16318,2JWU
17,PHE,F,HE1,7.242,coil,16318,2JWU
17,PHE,F,HE2,7.361,coil,16318,2JWU
17,LEU,L,HG,1.576,coil,16318,2JWU
17,LEU,L,N,124.87,coil,16318,2JWU
17,PHE,F,N,117.389,coil,16318,2JWU
18,VAL,V,CA,66.905,coil,16318,2JWU
18,PRO,P,CA,62.669,coil,16318,2JWU
18,VAL,V,CB,31.672,coil,16318,2JWU
18,PRO,P,CB,32.378,coil,16318,2JWU
18,PRO,P,CD,50.263,coil,16318,2JWU
18,PRO,P,CG,27.671,coil,16318,2JWU
18,VAL,V,CG1,21.62,coil,16318,2JWU
18,VAL,V,CG2,23.738,coil,16318,2JWU
18,VAL,V,H,8.54,coil,16318,2JWU
18,VAL,V,HA,3.246,coil,16318,2JWU
18,PRO,P,HA,4.784,coil,16318,2JWU
18,VAL,V,HB,2.127,coil,16318,2JWU
18,PRO,P,HB2,1.983,coil,16318,2JWU
18,PRO,P,HB3,2.507,coil,16318,2JWU
18,PRO,P,HD2,3.296,coil,16318,2JWU
18,PRO,P,HD3,3.296,coil,16318,2JWU
18,VAL,V,HG11,0.897,coil,16318,2JWU
18,VAL,V,HG12,0.897,coil,16318,2JWU
18,VAL,V,HG13,0.897,coil,16318,2JWU
18,PRO,P,HG2,1.882,coil,16318,2JWU
18,VAL,V,HG21,0.952,coil,16318,2JWU
18,VAL,V,HG22,0.952,coil,16318,2JWU
18,VAL,V,HG23,0.952,coil,16318,2JWU
18,PRO,P,HG3,1.882,coil,16318,2JWU
18,VAL,V,N,119.345,coil,16318,2JWU
19,HIS,H,CA,59.845,coil,16318,2JWU
19,ASP,D,CA,57.927,coil,16318,2JWU
19,HIS,H,CB,26.965,coil,16318,2JWU
19,ASP,D,CB,40.451,coil,16318,2JWU
19,HIS,H,CD2,127.958,coil,16318,2JWU
19,HIS,H,CE1,137.606,coil,16318,2JWU
19,HIS,H,H,7.944,coil,16318,2JWU
19,ASP,D,H,9.127,coil,16318,2JWU
19,HIS,H,HA,4.191,coil,16318,2JWU
19,ASP,D,HA,4.261,coil,16318,2JWU
19,HIS,H,HB2,3.221,coil,16318,2JWU
19,ASP,D,HB2,2.662,coil,16318,2JWU
19,HIS,H,HB3,3.372,coil,16318,2JWU
19,ASP,D,HB3,2.662,coil,16318,2JWU
19,HIS,H,HD2,7.32,coil,16318,2JWU
19,HIS,H,HE1,7.931,coil,16318,2JWU
19,HIS,H,N,116.521,coil,16318,2JWU
19,ASP,D,N,123.618,coil,16318,2JWU
20,ALA,A,CA,55.191,coil,16318,2JWU
20,ALA,A,CB,20.695,coil,16318,2JWU
20,ALA,A,H,9.83,coil,16318,2JWU
20,SER,S,H,8.624,coil,16318,2JWU
20,ALA,A,HA,4.367,coil,16318,2JWU
20,SER,S,HA,4.816,coil,16318,2JWU
20,ALA,A,HB1,1.617,coil,16318,2JWU
20,ALA,A,HB2,1.617,coil,16318,2JWU
20,ALA,A,HB3,1.617,coil,16318,2JWU
20,ALA,A,N,121.753,coil,16318,2JWU
20,SER,S,N,112.914,coil,16318,2JWU
21,CYS,C,CA,61.963,unknown,16318,2JWU
21,VAL,V,CA,64.316,unknown,16318,2JWU
21,CYS,C,CB,26.965,unknown,16318,2JWU
21,VAL,V,CB,32.378,unknown,16318,2JWU
21,VAL,V,CG1,23.32,unknown,16318,2JWU
21,VAL,V,CG2,21.384,unknown,16318,2JWU
21,CYS,C,H,7.913,unknown,16318,2JWU
21,VAL,V,H,7.38,unknown,16318,2JWU
21,CYS,C,HA,4.236,unknown,16318,2JWU
21,VAL,V,HA,3.958,unknown,16318,2JWU
21,VAL,V,HB,2.71,unknown,16318,2JWU
21,CYS,C,HB2,2.883,unknown,16318,2JWU
21,CYS,C,HB3,2.702,unknown,16318,2JWU
21,VAL,V,HG11,1.4,unknown,16318,2JWU
21,VAL,V,HG12,1.4,unknown,16318,2JWU
21,VAL,V,HG13,1.4,unknown,16318,2JWU
21,VAL,V,HG21,0.97,unknown,16318,2JWU
21,VAL,V,HG22,0.97,unknown,16318,2JWU
21,VAL,V,HG23,0.97,unknown,16318,2JWU
21,CYS,C,N,112.237,unknown,16318,2JWU
21,VAL,V,N,123.28,unknown,16318,2JWU
22,GLN,Q,CA,54.97,unknown,16318,2JWU
22,MET,M,CA,55.844,unknown,16318,2JWU
22,GLN,Q,CB,30.731,unknown,16318,2JWU
22,MET,M,CB,31.907,unknown,16318,2JWU
22,MET,M,CE,16.207,unknown,16318,2JWU
22,GLN,Q,CG,33.319,unknown,16318,2JWU
22,GLN,Q,H,7.32,unknown,16318,2JWU
22,MET,M,H,7.638,unknown,16318,2JWU
22,GLN,Q,HA,4.475,unknown,16318,2JWU
22,MET,M,HA,4.266,unknown,16318,2JWU
22,GLN,Q,HB2,2.1,unknown,16318,2JWU
22,MET,M,HB2,2.446,unknown,16318,2JWU
22,GLN,Q,HB3,1.998,unknown,16318,2JWU
22,MET,M,HB3,2.554,unknown,16318,2JWU
22,MET,M,HE1,1.81,unknown,16318,2JWU
22,MET,M,HE2,1.81,unknown,16318,2JWU
22,GLN,Q,HE21,6.954,unknown,16318,2JWU
22,GLN,Q,HE22,7.353,unknown,16318,2JWU
22,MET,M,HE3,1.81,unknown,16318,2JWU
22,GLN,Q,HG2,2.249,unknown,16318,2JWU
22,GLN,Q,HG3,2.491,unknown,16318,2JWU
22,GLN,Q,N,115.939,unknown,16318,2JWU
22,MET,M,N,117.825,unknown,16318,2JWU
22,GLN,Q,NE2,111.958,unknown,16318,2JWU
23,CYS,C,CA,60.8,strand,16318,2JWU
23,LEU,L,CA,56.786,strand,16318,2JWU
23,CYS,C,CB,28.848,strand,16318,2JWU
23,LEU,L,CB,42.27,strand,16318,2JWU
23,LEU,L,CD1,25.385,strand,16318,2JWU
23,LEU,L,CD2,24.679,strand,16318,2JWU
23,LEU,L,CG,27.201,strand,16318,2JWU
23,CYS,C,H,7.268,strand,16318,2JWU
23,LEU,L,H,8.102,strand,16318,2JWU
23,CYS,C,HA,3.898,strand,16318,2JWU
23,LEU,L,HA,4.132,strand,16318,2JWU
23,CYS,C,HB2,2.34,strand,16318,2JWU
23,LEU,L,HB2,1.595,strand,16318,2JWU
23,CYS,C,HB3,2.55,strand,16318,2JWU
23,LEU,L,HB3,1.69,strand,16318,2JWU
23,LEU,L,HD11,0.862,strand,16318,2JWU
23,LEU,L,HD12,0.862,strand,16318,2JWU
23,LEU,L,HD13,0.862,strand,16318,2JWU
23,LEU,L,HD21,0.831,strand,16318,2JWU
23,LEU,L,HD22,0.831,strand,16318,2JWU
23,LEU,L,HD23,0.831,strand,16318,2JWU
23,LEU,L,HG,1.674,strand,16318,2JWU
23,CYS,C,N,124.452,strand,16318,2JWU
23,LEU,L,N,119.633,strand,16318,2JWU
24,ARG,R,CA,54.735,strand,16318,2JWU
24,ALA,A,CA,84.84,strand,16318,2JWU
24,ARG,R,CB,30.25,strand,16318,2JWU
24,ALA,A,CB,19.266,strand,16318,2JWU
24,ARG,R,CD,42.968,strand,16318,2JWU
24,ARG,R,CG,26.965,strand,16318,2JWU
24,ARG,R,H,8.854,strand,16318,2JWU
24,ALA,A,H,7.464,strand,16318,2JWU
24,ARG,R,HA,4.539,strand,16318,2JWU
24,ALA,A,HA,4.197,strand,16318,2JWU
24,ALA,A,HB1,1.541,strand,16318,2JWU
24,ARG,R,HB2,1.603,strand,16318,2JWU
24,ALA,A,HB2,1.541,strand,16318,2JWU
24,ARG,R,HB3,2.9,strand,16318,2JWU
24,ALA,A,HB3,1.541,strand,16318,2JWU
24,ARG,R,HD2,3.151,strand,16318,2JWU
24,ARG,R,HD3,3.151,strand,16318,2JWU
24,ARG,R,HG2,1.541,strand,16318,2JWU
24,ARG,R,HG3,1.607,strand,16318,2JWU
24,ARG,R,N,130.523,strand,16318,2JWU
24,ALA,A,N,120.682,strand,16318,2JWU
25,ASN,N,CA,51.911,strand,16318,2JWU
25,VAL,V,CA,62.434,strand,16318,2JWU
25,ASN,N,CB,39.203,strand,16318,2JWU
25,VAL,V,CB,31.672,strand,16318,2JWU
25,VAL,V,CG1,22.326,strand,16318,2JWU
25,VAL,V,CG2,20.914,strand,16318,2JWU
25,ASN,N,H,7.553,strand,16318,2JWU
25,VAL,V,H,7.668,strand,16318,2JWU
25,ASN,N,HA,4.799,strand,16318,2JWU
25,VAL,V,HA,4.258,strand,16318,2JWU
25,VAL,V,HB,2.345,strand,16318,2JWU
25,ASN,N,HB2,2.822,strand,16318,2JWU
25,ASN,N,HB3,2.983,strand,16318,2JWU
25,ASN,N,HD21,7.44,strand,16318,2JWU
25,ASN,N,HD22,7.833,strand,16318,2JWU
25,VAL,V,HG11,0.944,strand,16318,2JWU
25,VAL,V,HG12,0.944,strand,16318,2JWU
25,VAL,V,HG13,0.944,strand,16318,2JWU
25,VAL,V,HG21,0.816,strand,16318,2JWU
25,VAL,V,HG22,0.816,strand,16318,2JWU
25,VAL,V,HG23,0.816,strand,16318,2JWU
25,ASN,N,N,119.613,strand,16318,2JWU
25,VAL,V,N,112.53,strand,16318,2JWU
25,ASN,N,ND2,111.495,strand,16318,2JWU
26,ALA,A,CA,54.264,strand,16318,2JWU
26,GLN,Q,CA,56.786,strand,16318,2JWU
26,ALA,A,CB,18.796,strand,16318,2JWU
26,GLN,Q,CB,29.554,strand,16318,2JWU
26,GLN,Q,CG,34.261,strand,16318,2JWU
26,ALA,A,H,9.185,strand,16318,2JWU
26,GLN,Q,H,7.806,strand,16318,2JWU
26,ALA,A,HA,4.74,strand,16318,2JWU
26,GLN,Q,HA,4.308,strand,16318,2JWU
26,ALA,A,HB1,1.404,strand,16318,2JWU
26,ALA,A,HB2,1.404,strand,16318,2JWU
26,GLN,Q,HB2,2.207,strand,16318,2JWU
26,ALA,A,HB3,1.404,strand,16318,2JWU
26,GLN,Q,HB3,2.207,strand,16318,2JWU
26,GLN,Q,HE21,6.877,strand,16318,2JWU
26,GLN,Q,HE22,7.595,strand,16318,2JWU
26,GLN,Q,HG2,2.462,strand,16318,2JWU
26,GLN,Q,HG3,2.462,strand,16318,2JWU
26,ALA,A,N,130.841,strand,16318,2JWU
26,GLN,Q,N,121.794,strand,16318,2JWU
26,GLN,Q,NE2,112.72,strand,16318,2JWU
27,ASN,N,CA,51.911,strand,16318,2JWU
27,GLU,E,CA,56.315,strand,16318,2JWU
27,ASN,N,CB,38.967,strand,16318,2JWU
27,GLU,E,CB,30.495,strand,16318,2JWU
27,GLU,E,CG,36.875,strand,16318,2JWU
27,ASN,N,H,8.52,strand,16318,2JWU
27,GLU,E,H,8.34,strand,16318,2JWU
27,ASN,N,HA,4.761,strand,16318,2JWU
27,GLU,E,HA,4.349,strand,16318,2JWU
27,ASN,N,HB2,2.61,strand,16318,2JWU
27,GLU,E,HB2,2.1,strand,16318,2JWU
27,ASN,N,HB3,2.932,strand,16318,2JWU
27,GLU,E,HB3,2.139,strand,16318,2JWU
27,ASN,N,HD21,6.9,strand,16318,2JWU
27,ASN,N,HD22,7.621,strand,16318,2JWU
27,GLU,E,HG2,2.313,strand,16318,2JWU
27,GLU,E,HG3,2.355,strand,16318,2JWU
27,ASN,N,N,113.345,strand,16318,2JWU
27,GLU,E,N,120.41,strand,16318,2JWU
27,ASN,N,ND2,113.192,strand,16318,2JWU
28,CYS,C,CA,61.257,strand,16318,2JWU
28,GLY,G,CA,45.792,strand,16318,2JWU
28,CYS,C,CB,30.495,strand,16318,2JWU
28,CYS,C,H,7.224,strand,16318,2JWU
28,GLY,G,H,8.295,strand,16318,2JWU
28,CYS,C,HA,4.95,strand,16318,2JWU
28,GLY,G,HA2,3.938,strand,16318,2JWU
28,GLY,G,HA3,4.19,strand,16318,2JWU
28,CYS,C,HB2,2.962,strand,16318,2JWU
28,CYS,C,HB3,2.962,strand,16318,2JWU
28,CYS,C,N,123.463,strand,16318,2JWU
28,GLY,G,N,109.255,strand,16318,2JWU
29,SER,S,CA,57.492,strand,16318,2JWU
29,ILE,I,CA,60.786,strand,16318,2JWU
29,SER,S,CB,63.835,strand,16318,2JWU
29,ILE,I,CB,39.203,strand,16318,2JWU
29,ILE,I,CD1,13.854,strand,16318,2JWU
29,ILE,I,CG1,27.436,strand,16318,2JWU
29,ILE,I,CG2,18.9,strand,16318,2JWU
29,SER,S,H,8.811,strand,16318,2JWU
29,ILE,I,H,7.889,strand,16318,2JWU
29,SER,S,HA,4.449,strand,16318,2JWU
29,ILE,I,HA,4.166,strand,16318,2JWU
29,ILE,I,HB,1.865,strand,16318,2JWU
29,SER,S,HB2,4.8,strand,16318,2JWU
29,SER,S,HB3,3.844,strand,16318,2JWU
29,ILE,I,HD11,0.822,strand,16318,2JWU
29,ILE,I,HD12,0.822,strand,16318,2JWU
29,ILE,I,HD13,0.822,strand,16318,2JWU
29,ILE,I,HG12,1.14,strand,16318,2JWU
29,ILE,I,HG13,1.427,strand,16318,2JWU
29,ILE,I,HG21,0.867,strand,16318,2JWU
29,ILE,I,HG22,0.867,strand,16318,2JWU
29,ILE,I,HG23,0.867,strand,16318,2JWU
29,SER,S,N,125.781,strand,16318,2JWU
29,ILE,I,N,119.126,strand,16318,2JWU
30,LEU,L,CA,53.558,coil,16318,2JWU
30,ASP,D,CA,55.255,coil,16318,2JWU
30,LEU,L,CB,42.27,coil,16318,2JWU
30,ASP,D,CB,41.85,coil,16318,2JWU
30,LEU,L,CD1,23.267,coil,16318,2JWU
30,LEU,L,CD2,25.62,coil,16318,2JWU
30,LEU,L,CG,26.965,coil,16318,2JWU
30,LEU,L,H,7.851,coil,16318,2JWU
30,ASP,D,H,8.442,coil,16318,2JWU
30,LEU,L,HA,4.507,coil,16318,2JWU
30,ASP,D,HA,4.577,coil,16318,2JWU
30,LEU,L,HB2,1.772,coil,16318,2JWU
30,ASP,D,HB2,2.587,coil,16318,2JWU
30,LEU,L,HB3,1.364,coil,16318,2JWU
30,ASP,D,HB3,2.693,coil,16318,2JWU
30,LEU,L,HD11,0.775,coil,16318,2JWU
30,LEU,L,HD12,0.775,coil,16318,2JWU
30,LEU,L,HD13,0.775,coil,16318,2JWU
30,LEU,L,HD21,0.532,coil,16318,2JWU
30,LEU,L,HD22,0.532,coil,16318,2JWU
30,LEU,L,HD23,0.532,coil,16318,2JWU
30,LEU,L,HG,1.721,coil,16318,2JWU
30,LEU,L,N,125.656,coil,16318,2JWU
30,ASP,D,N,123.665,coil,16318,2JWU
31,PRO,P,CA,64.787,unknown,16318,2JWU
31,LEU,L,CA,55.205,unknown,16318,2JWU
31,PRO,P,CB,32.708,unknown,16318,2JWU
31,LEU,L,CB,42.262,unknown,16318,2JWU
31,PRO,P,CD,50.734,unknown,16318,2JWU
31,LEU,L,CD1,25.318,unknown,16318,2JWU
31,LEU,L,CD2,24.208,unknown,16318,2JWU
31,PRO,P,CG,28.0,unknown,16318,2JWU
31,LEU,L,CG,27.201,unknown,16318,2JWU
31,LEU,L,H,8.141,unknown,16318,2JWU
31,PRO,P,HA,4.363,unknown,16318,2JWU
31,LEU,L,HA,4.292,unknown,16318,2JWU
31,PRO,P,HB2,1.939,unknown,16318,2JWU
31,LEU,L,HB2,1.455,unknown,16318,2JWU
31,PRO,P,HB3,2.343,unknown,16318,2JWU
31,LEU,L,HB3,1.664,unknown,16318,2JWU
31,LEU,L,HD11,0.881,unknown,16318,2JWU
31,LEU,L,HD12,0.881,unknown,16318,2JWU
31,LEU,L,HD13,0.881,unknown,16318,2JWU
31,PRO,P,HD2,3.652,unknown,16318,2JWU
31,LEU,L,HD21,0.808,unknown,16318,2JWU
31,LEU,L,HD22,0.808,unknown,16318,2JWU
31,LEU,L,HD23,0.808,unknown,16318,2JWU
31,PRO,P,HD3,3.863,unknown,16318,2JWU
31,LEU,L,HG,1.608,unknown,16318,2JWU
31,PRO,P,HG2,2.88,unknown,16318,2JWU
31,PRO,P,HG3,2.213,unknown,16318,2JWU
31,LEU,L,N,122.359,unknown,16318,2JWU
32,SER,S,CA,60.124,unknown,16318,2JWU
32,LEU,L,CA,54.903,unknown,16318,2JWU
32,SER,S,CB,62.982,unknown,16318,2JWU
32,LEU,L,CB,42.497,unknown,16318,2JWU
32,LEU,L,CD1,25.318,unknown,16318,2JWU
32,LEU,L,CD2,24.208,unknown,16318,2JWU
32,LEU,L,CG,27.201,unknown,16318,2JWU
32,SER,S,H,8.625,unknown,16318,2JWU
32,LEU,L,H,8.84,unknown,16318,2JWU
32,SER,S,HA,4.309,unknown,16318,2JWU
32,LEU,L,HA,4.256,unknown,16318,2JWU
32,SER,S,HB2,3.963,unknown,16318,2JWU
32,LEU,L,HB2,1.554,unknown,16318,2JWU
32,LEU,L,HB3,1.621,unknown,16318,2JWU
32,LEU,L,HD11,0.881,unknown,16318,2JWU
32,LEU,L,HD12,0.881,unknown,16318,2JWU
32,LEU,L,HD13,0.881,unknown,16318,2JWU
32,LEU,L,HD21,0.812,unknown,16318,2JWU
32,LEU,L,HD22,0.812,unknown,16318,2JWU
32,LEU,L,HD23,0.812,unknown,16318,2JWU
32,LEU,L,HG,1.603,unknown,16318,2JWU
32,SER,S,N,112.707,unknown,16318,2JWU
32,LEU,L,N,120.762,unknown,16318,2JWU
33,CYS,C,CA,62.669,unknown,16318,2JWU
33,THR,T,CA,61.22,unknown,16318,2JWU
33,CYS,C,CB,30.495,unknown,16318,2JWU
33,THR,T,CB,69.494,unknown,16318,2JWU
33,THR,T,CG2,22.9,unknown,16318,2JWU
33,CYS,C,H,6.679,unknown,16318,2JWU
33,THR,T,H,7.728,unknown,16318,2JWU
33,CYS,C,HA,4.108,unknown,16318,2JWU
33,THR,T,HA,4.226,unknown,16318,2JWU
33,THR,T,HB,4.1,unknown,16318,2JWU
33,CYS,C,HB2,3.459,unknown,16318,2JWU
33,CYS,C,HB3,2.662,unknown,16318,2JWU
33,THR,T,HG21,1.29,unknown,16318,2JWU
33,THR,T,HG22,1.29,unknown,16318,2JWU
33,THR,T,HG23,1.29,unknown,16318,2JWU
33,CYS,C,N,126.2,unknown,16318,2JWU
33,THR,T,N,113.606,unknown,16318,2JWU
34,GLN,Q,CA,59.14,unknown,16318,2JWU
34,PHE,F,CA,55.138,unknown,16318,2JWU
34,GLN,Q,CB,31.36,unknown,16318,2JWU
34,PHE,F,CB,39.203,unknown,16318,2JWU
34,PHE,F,CD1,129.605,unknown,16318,2JWU
34,PHE,F,CE1,130.782,unknown,16318,2JWU
34,GLN,Q,CG,34.261,unknown,16318,2JWU
34,GLN,Q,H,7.87,unknown,16318,2JWU
34,PHE,F,H,8.181,unknown,16318,2JWU
34,GLN,Q,HA,3.867,unknown,16318,2JWU
34,PHE,F,HA,4.825,unknown,16318,2JWU
34,GLN,Q,HB2,2.108,unknown,16318,2JWU
34,PHE,F,HB2,2.863,unknown,16318,2JWU
34,GLN,Q,HB3,2.108,unknown,16318,2JWU
34,PHE,F,HB3,3.109,unknown,16318,2JWU
34,PHE,F,HD1,7.245,unknown,16318,2JWU
34,PHE,F,HD2,7.245,unknown,16318,2JWU
34,PHE,F,HE1,7.243,unknown,16318,2JWU
34,PHE,F,HE2,7.243,unknown,16318,2JWU
34,GLN,Q,HE21,6.808,unknown,16318,2JWU
34,GLN,Q,HE22,7.404,unknown,16318,2JWU
34,GLN,Q,HG2,2.445,unknown,16318,2JWU
34,GLN,Q,HG3,2.521,unknown,16318,2JWU
34,GLN,Q,N,115.529,unknown,16318,2JWU
34,PHE,F,N,123.6,unknown,16318,2JWU
34,GLN,Q,NE2,111.148,unknown,16318,2JWU
35,LYS,K,CA,58.904,unknown,16318,2JWU
35,PRO,P,CA,62.9,unknown,16318,2JWU
35,LYS,K,CB,32.686,unknown,16318,2JWU
35,PRO,P,CB,32.538,unknown,16318,2JWU
35,LYS,K,CD,29.675,unknown,16318,2JWU
35,PRO,P,CD,50.734,unknown,16318,2JWU
35,LYS,K,CE,42.27,unknown,16318,2JWU
35,LYS,K,CG,25.658,unknown,16318,2JWU
35,PRO,P,CG,27.436,unknown,16318,2JWU
35,LYS,K,H,8.34,unknown,16318,2JWU
35,LYS,K,HA,4.24,unknown,16318,2JWU
35,PRO,P,HA,4.765,unknown,16318,2JWU
35,LYS,K,HB2,1.919,unknown,16318,2JWU
35,PRO,P,HB2,1.979,unknown,16318,2JWU
35,LYS,K,HB3,1.758,unknown,16318,2JWU
35,PRO,P,HB3,2.309,unknown,16318,2JWU
35,LYS,K,HD2,1.758,unknown,16318,2JWU
35,PRO,P,HD2,3.521,unknown,16318,2JWU
35,LYS,K,HD3,1.758,unknown,16318,2JWU
35,PRO,P,HD3,3.729,unknown,16318,2JWU
35,LYS,K,HE2,2.86,unknown,16318,2JWU
35,LYS,K,HE3,2.86,unknown,16318,2JWU
35,LYS,K,HG2,1.142,unknown,16318,2JWU
35,PRO,P,HG2,1.963,unknown,16318,2JWU
35,LYS,K,HG3,1.351,unknown,16318,2JWU
35,PRO,P,HG3,1.996,unknown,16318,2JWU
35,LYS,K,N,117.144,unknown,16318,2JWU
36,MET,M,CA,56.474,unknown,16318,2JWU
36,PRO,P,CA,62.434,unknown,16318,2JWU
36,MET,M,CB,31.11,unknown,16318,2JWU
36,PRO,P,CB,32.143,unknown,16318,2JWU
36,PRO,P,CD,50.499,unknown,16318,2JWU
36,MET,M,CE,16.913,unknown,16318,2JWU
36,MET,M,CG,34.001,unknown,16318,2JWU
36,PRO,P,CG,27.671,unknown,16318,2JWU
36,MET,M,H,8.163,unknown,16318,2JWU
36,MET,M,HA,4.369,unknown,16318,2JWU
36,PRO,P,HA,4.422,unknown,16318,2JWU
36,MET,M,HB2,2.399,unknown,16318,2JWU
36,PRO,P,HB2,1.868,unknown,16318,2JWU
36,MET,M,HB3,2.399,unknown,16318,2JWU
36,PRO,P,HB3,2.29,unknown,16318,2JWU
36,PRO,P,HD2,3.648,unknown,16318,2JWU
36,PRO,P,HD3,3.782,unknown,16318,2JWU
36,MET,M,HE1,1.898,unknown,16318,2JWU
36,MET,M,HE2,1.898,unknown,16318,2JWU
36,MET,M,HE3,1.898,unknown,16318,2JWU
36,MET,M,HG2,2.527,unknown,16318,2JWU
36,PRO,P,HG2,2.29,unknown,16318,2JWU
36,MET,M,HG3,2.806,unknown,16318,2JWU
36,PRO,P,HG3,2.29,unknown,16318,2JWU
36,MET,M,N,117.485,unknown,16318,2JWU
37,LYS,K,CA,61.2,unknown,16318,2JWU
37,ALA,A,CA,50.263,unknown,16318,2JWU
37,LYS,K,CB,32.691,unknown,16318,2JWU
37,ALA,A,CB,19.972,unknown,16318,2JWU
37,LYS,K,CD,30.88,unknown,16318,2JWU
37,LYS,K,CE,43.203,unknown,16318,2JWU
37,LYS,K,CG,28.158,unknown,16318,2JWU
37,LYS,K,H,9.337,unknown,16318,2JWU
37,ALA,A,H,8.37,unknown,16318,2JWU
37,LYS,K,HA,3.84,unknown,16318,2JWU
37,ALA,A,HA,4.429,unknown,16318,2JWU
37,ALA,A,HB1,1.309,unknown,16318,2JWU
37,LYS,K,HB2,1.742,unknown,16318,2JWU
37,ALA,A,HB2,1.309,unknown,16318,2JWU
37,LYS,K,HB3,1.742,unknown,16318,2JWU
37,ALA,A,HB3,1.309,unknown,16318,2JWU
37,LYS,K,HD2,1.619,unknown,16318,2JWU
37,LYS,K,HD3,1.619,unknown,16318,2JWU
37,LYS,K,HE2,3.17,unknown,16318,2JWU
37,LYS,K,HE3,3.296,unknown,16318,2JWU
37,LYS,K,HG2,1.207,unknown,16318,2JWU
37,LYS,K,HG3,2.45,unknown,16318,2JWU
37,LYS,K,N,120.83,unknown,16318,2JWU
37,ALA,A,N,125.277,unknown,16318,2JWU
38,ARG,R,CA,59.263,unknown,16318,2JWU
38,PRO,P,CA,63.14,unknown,16318,2JWU
38,ARG,R,CB,31.179,unknown,16318,2JWU
38,PRO,P,CB,32.143,unknown,16318,2JWU
38,ARG,R,CD,44.145,unknown,16318,2JWU
38,PRO,P,CD,50.499,unknown,16318,2JWU
38,ARG,R,CG,27.684,unknown,16318,2JWU
38,PRO,P,CG,27.671,unknown,16318,2JWU
38,ARG,R,H,7.399,unknown,16318,2JWU
38,ARG,R,HA,4.49,unknown,16318,2JWU
38,PRO,P,HA,4.388,unknown,16318,2JWU
38,ARG,R,HB2,1.9,unknown,16318,2JWU
38,PRO,P,HB2,1.91,unknown,16318,2JWU
38,ARG,R,HB3,2.64,unknown,16318,2JWU
38,PRO,P,HB3,2.254,unknown,16318,2JWU
38,ARG,R,HD2,3.197,unknown,16318,2JWU
38,PRO,P,HD2,3.616,unknown,16318,2JWU
38,ARG,R,HD3,3.197,unknown,16318,2JWU
38,PRO,P,HD3,3.781,unknown,16318,2JWU
38,ARG,R,HG2,1.623,unknown,16318,2JWU
38,PRO,P,HG2,1.98,unknown,16318,2JWU
38,ARG,R,HG3,1.623,unknown,16318,2JWU
38,PRO,P,HG3,1.98,unknown,16318,2JWU
38,ARG,R,N,118.965,unknown,16318,2JWU
39,VAL,V,CA,67.14,coil,16318,2JWU
39,GLY,G,CA,74.671,coil,16318,2JWU
39,VAL,V,CB,31.685,coil,16318,2JWU
39,VAL,V,CG1,22.561,coil,16318,2JWU
39,VAL,V,CG2,23.502,coil,16318,2JWU
39,VAL,V,H,8.42,coil,16318,2JWU
39,GLY,G,H,8.503,coil,16318,2JWU
39,VAL,V,HA,3.239,coil,16318,2JWU
39,GLY,G,HA2,3.895,coil,16318,2JWU
39,GLY,G,HA3,3.981,coil,16318,2JWU
39,VAL,V,HB,2.397,coil,16318,2JWU
39,VAL,V,HG11,0.349,coil,16318,2JWU
39,VAL,V,HG12,0.349,coil,16318,2JWU
39,VAL,V,HG13,0.349,coil,16318,2JWU
39,VAL,V,HG21,0.891,coil,16318,2JWU
39,VAL,V,HG22,0.891,coil,16318,2JWU
39,VAL,V,HG23,0.891,coil,16318,2JWU
39,VAL,V,N,123.14,coil,16318,2JWU
39,GLY,G,N,109.831,coil,16318,2JWU
40,VAL,V,CA,66.905,coil,16318,2JWU
40,SER,S,CA,56.8,coil,16318,2JWU
40,VAL,V,CB,31.907,coil,16318,2JWU
40,SER,S,CB,63.14,coil,16318,2JWU
40,VAL,V,CG1,22.9,coil,16318,2JWU
40,VAL,V,CG2,24.209,coil,16318,2JWU
40,VAL,V,H,8.195,coil,16318,2JWU
40,SER,S,H,8.8,coil,16318,2JWU
40,VAL,V,HA,3.403,coil,16318,2JWU
40,SER,S,HA,4.748,coil,16318,2JWU
40,VAL,V,HB,2.72,coil,16318,2JWU
40,SER,S,HB2,3.831,coil,16318,2JWU
40,SER,S,HB3,3.892,coil,16318,2JWU
40,VAL,V,HG11,0.876,coil,16318,2JWU
40,VAL,V,HG12,0.876,coil,16318,2JWU
40,VAL,V,HG13,0.876,coil,16318,2JWU
40,VAL,V,HG21,0.878,coil,16318,2JWU
40,VAL,V,HG22,0.878,coil,16318,2JWU
40,VAL,V,HG23,0.878,coil,16318,2JWU
40,VAL,V,N,118.716,coil,16318,2JWU
40,SER,S,N,116.937,coil,16318,2JWU
41,GLN,Q,CA,58.591,coil,16318,2JWU
41,PRO,P,CA,63.14,coil,16318,2JWU
41,GLN,Q,CB,28.561,coil,16318,2JWU
41,PRO,P,CB,32.143,coil,16318,2JWU
41,PRO,P,CD,50.969,coil,16318,2JWU
41,GLN,Q,CG,33.319,coil,16318,2JWU
41,PRO,P,CG,27.436,coil,16318,2JWU
41,GLN,Q,H,8.31,coil,16318,2JWU
41,GLN,Q,HA,3.916,coil,16318,2JWU
41,PRO,P,HA,4.441,coil,16318,2JWU
41,GLN,Q,HB2,2.98,coil,16318,2JWU
41,PRO,P,HB2,1.977,coil,16318,2JWU
41,GLN,Q,HB3,2.98,coil,16318,2JWU
41,PRO,P,HB3,2.224,coil,16318,2JWU
41,PRO,P,HD2,3.718,coil,16318,2JWU
41,PRO,P,HD3,3.789,coil,16318,2JWU
41,GLN,Q,HE21,6.872,coil,16318,2JWU
41,GLN,Q,HE22,7.456,coil,16318,2JWU
41,GLN,Q,HG2,2.42,coil,16318,2JWU
41,PRO,P,HG2,1.984,coil,16318,2JWU
41,GLN,Q,HG3,2.42,coil,16318,2JWU
41,PRO,P,HG3,1.984,coil,16318,2JWU
41,GLN,Q,N,119.193,coil,16318,2JWU
41,GLN,Q,NE2,111.895,coil,16318,2JWU
42,HIS,H,CA,59.139,coil,16318,2JWU
42,GLU,E,CA,57.727,coil,16318,2JWU
42,HIS,H,CB,27.201,coil,16318,2JWU
42,GLU,E,CB,31.437,coil,16318,2JWU
42,HIS,H,CD2,127.722,coil,16318,2JWU
42,HIS,H,CE1,138.547,coil,16318,2JWU
42,GLU,E,CG,36.849,coil,16318,2JWU
42,HIS,H,H,8.152,coil,16318,2JWU
42,GLU,E,H,7.948,coil,16318,2JWU
42,HIS,H,HA,4.222,coil,16318,2JWU
42,GLU,E,HA,4.82,coil,16318,2JWU
42,HIS,H,HB2,3.322,coil,16318,2JWU
42,GLU,E,HB2,1.861,coil,16318,2JWU
42,HIS,H,HB3,3.758,coil,16318,2JWU
42,GLU,E,HB3,2.23,coil,16318,2JWU
42,HIS,H,HD2,6.999,coil,16318,2JWU
42,HIS,H,HE1,8.109,coil,16318,2JWU
42,GLU,E,HG2,2.191,coil,16318,2JWU
42,GLU,E,HG3,2.191,coil,16318,2JWU
42,HIS,H,N,118.579,coil,16318,2JWU
42,GLU,E,N,125.966,coil,16318,2JWU
43,THR,T,CA,65.728,coil,16318,2JWU
43,THR,T,CB,69.023,coil,16318,2JWU
43,THR,T,CG2,21.855,coil,16318,2JWU
43,THR,T,H,7.997,coil,16318,2JWU
43,THR,T,HA,3.888,coil,16318,2JWU
43,THR,T,HB,4.159,coil,16318,2JWU
43,THR,T,HG1,5.376,coil,16318,2JWU
43,THR,T,HG21,1.549,coil,16318,2JWU
43,THR,T,HG22,1.549,coil,16318,2JWU
43,THR,T,HG23,1.549,coil,16318,2JWU
43,THR,T,N,113.599,coil,16318,2JWU
44,LYS,K,CA,58.668,coil,16318,2JWU
44,LYS,K,CB,32.731,coil,16318,2JWU
44,LYS,K,CD,29.753,coil,16318,2JWU
44,LYS,K,CE,42.27,coil,16318,2JWU
44,LYS,K,CG,25.318,coil,16318,2JWU
44,LYS,K,H,7.381,coil,16318,2JWU
44,LYS,K,HA,4.19,coil,16318,2JWU
44,LYS,K,HB2,1.828,coil,16318,2JWU
44,LYS,K,HB3,1.828,coil,16318,2JWU
44,LYS,K,HD2,1.583,coil,16318,2JWU
44,LYS,K,HD3,1.583,coil,16318,2JWU
44,LYS,K,HE2,2.833,coil,16318,2JWU
44,LYS,K,HE3,3.15,coil,16318,2JWU
44,LYS,K,HG2,1.371,coil,16318,2JWU
44,LYS,K,HG3,1.599,coil,16318,2JWU
44,LYS,K,N,120.27,coil,16318,2JWU
45,GLY,G,CA,44.851,coil,16318,2JWU
45,GLY,G,H,7.61,coil,16318,2JWU
45,GLY,G,HA2,3.61,coil,16318,2JWU
45,GLY,G,HA3,4.38,coil,16318,2JWU
45,GLY,G,N,125.48,coil,16318,2JWU
46,CYS,C,CA,60.551,coil,16318,2JWU
46,CYS,C,CB,30.26,coil,16318,2JWU
46,CYS,C,H,6.898,coil,16318,2JWU
46,CYS,C,HA,3.957,coil,16318,2JWU
46,CYS,C,HB2,1.983,coil,16318,2JWU
46,CYS,C,HB3,2.707,coil,16318,2JWU
46,CYS,C,N,123.457,coil,16318,2JWU
47,LYS,K,CA,56.8,coil,16318,2JWU
47,LYS,K,CB,33.84,coil,16318,2JWU
47,LYS,K,CE,42.27,coil,16318,2JWU
47,LYS,K,CG,25.323,coil,16318,2JWU
47,LYS,K,HA,4.471,coil,16318,2JWU
47,LYS,K,HB2,1.822,coil,16318,2JWU
47,LYS,K,HB3,2.43,coil,16318,2JWU
47,LYS,K,HD2,1.71,coil,16318,2JWU
47,LYS,K,HD3,1.71,coil,16318,2JWU
47,LYS,K,HE2,3.32,coil,16318,2JWU
47,LYS,K,HE3,3.32,coil,16318,2JWU
47,LYS,K,HG2,1.516,coil,16318,2JWU
47,LYS,K,HG3,1.609,coil,16318,2JWU
48,ARG,R,CA,57.256,coil,16318,2JWU
48,ARG,R,CB,32.143,coil,16318,2JWU
48,ARG,R,CD,43.674,coil,16318,2JWU
48,ARG,R,CG,27.907,coil,16318,2JWU
48,ARG,R,H,8.575,coil,16318,2JWU
48,ARG,R,HA,4.366,coil,16318,2JWU
48,ARG,R,HB2,1.837,coil,16318,2JWU
48,ARG,R,HB3,1.837,coil,16318,2JWU
48,ARG,R,HD2,3.278,coil,16318,2JWU
48,ARG,R,HD3,3.278,coil,16318,2JWU
48,ARG,R,HG2,1.676,coil,16318,2JWU
48,ARG,R,HG3,1.839,coil,16318,2JWU
48,ARG,R,N,122.731,coil,16318,2JWU
49,LYS,K,CA,57.256,coil,16318,2JWU
49,LYS,K,CB,32.378,coil,16318,2JWU
49,LYS,K,CE,42.968,coil,16318,2JWU
49,LYS,K,CG,25.385,coil,16318,2JWU
49,LYS,K,H,8.663,coil,16318,2JWU
49,LYS,K,HA,4.521,coil,16318,2JWU
49,LYS,K,HB2,2.57,coil,16318,2JWU
49,LYS,K,HB3,2.284,coil,16318,2JWU
49,LYS,K,HE2,3.141,coil,16318,2JWU
49,LYS,K,HE3,3.141,coil,16318,2JWU
49,LYS,K,HG2,1.263,coil,16318,2JWU
49,LYS,K,HG3,1.576,coil,16318,2JWU
49,LYS,K,N,118.409,coil,16318,2JWU
50,THR,T,CA,63.846,coil,16318,2JWU
50,THR,T,CB,68.317,coil,16318,2JWU
50,THR,T,CG2,22.796,coil,16318,2JWU
50,THR,T,HA,4.71,coil,16318,2JWU
50,THR,T,HB,4.191,coil,16318,2JWU
50,THR,T,HG21,1.199,coil,16318,2JWU
50,THR,T,HG22,1.199,coil,16318,2JWU
50,THR,T,HG23,1.199,coil,16318,2JWU
51,ASN,N,CA,82.908,coil,16318,2JWU
51,ASN,N,CB,38.732,coil,16318,2JWU
51,ASN,N,HA,4.676,coil,16318,2JWU
51,ASN,N,HB2,2.715,coil,16318,2JWU
51,ASN,N,HB3,2.836,coil,16318,2JWU
51,ASN,N,HD21,6.84,coil,16318,2JWU
51,ASN,N,HD22,7.621,coil,16318,2JWU
51,ASN,N,ND2,112.27,coil,16318,2JWU
52,GLY,G,CA,45.557,coil,16318,2JWU
52,GLY,G,H,7.879,coil,16318,2JWU
52,GLY,G,HA2,4.3,coil,16318,2JWU
52,GLY,G,HA3,3.831,coil,16318,2JWU
52,GLY,G,N,129.89,coil,16318,2JWU
53,GLY,G,CA,45.792,coil,16318,2JWU
53,GLY,G,H,7.765,coil,16318,2JWU
53,GLY,G,HA2,3.885,coil,16318,2JWU
53,GLY,G,HA3,3.985,coil,16318,2JWU
53,GLY,G,N,128.949,coil,16318,2JWU
54,CYS,C,CA,55.138,unknown,16318,2JWU
54,CYS,C,CB,30.966,unknown,16318,2JWU
54,CYS,C,H,8.8,unknown,16318,2JWU
54,CYS,C,HA,4.821,unknown,16318,2JWU
54,CYS,C,HB2,2.637,unknown,16318,2JWU
54,CYS,C,HB3,2.9,unknown,16318,2JWU
54,CYS,C,N,122.429,unknown,16318,2JWU
55,PRO,P,CA,64.787,unknown,16318,2JWU
55,PRO,P,CB,32.613,unknown,16318,2JWU
55,PRO,P,CD,51.675,unknown,16318,2JWU
55,PRO,P,CG,27.436,unknown,16318,2JWU
55,PRO,P,HA,4.33,unknown,16318,2JWU
55,PRO,P,HB2,1.982,unknown,16318,2JWU
55,PRO,P,HB3,2.403,unknown,16318,2JWU
55,PRO,P,HD2,4.43,unknown,16318,2JWU
55,PRO,P,HD3,4.43,unknown,16318,2JWU
55,PRO,P,HG2,2.135,unknown,16318,2JWU
55,PRO,P,HG3,2.135,unknown,16318,2JWU
56,VAL,V,CA,65.728,strand,16318,2JWU
56,VAL,V,CB,32.849,strand,16318,2JWU
56,VAL,V,CG1,21.855,strand,16318,2JWU
56,VAL,V,CG2,23.502,strand,16318,2JWU
56,VAL,V,H,7.75,strand,16318,2JWU
56,VAL,V,HA,3.884,strand,16318,2JWU
56,VAL,V,HB,1.809,strand,16318,2JWU
56,VAL,V,HG11,0.943,strand,16318,2JWU
56,VAL,V,HG12,0.943,strand,16318,2JWU
56,VAL,V,HG13,0.943,strand,16318,2JWU
56,VAL,V,HG21,0.89,strand,16318,2JWU
56,VAL,V,HG22,0.89,strand,16318,2JWU
56,VAL,V,HG23,0.89,strand,16318,2JWU
56,VAL,V,N,121.605,strand,16318,2JWU
57,CYS,C,CA,65.728,unknown,16318,2JWU
57,CYS,C,CB,30.25,unknown,16318,2JWU
57,CYS,C,H,8.884,unknown,16318,2JWU
57,CYS,C,HA,4.106,unknown,16318,2JWU
57,CYS,C,HB2,2.707,unknown,16318,2JWU
57,CYS,C,HB3,2.94,unknown,16318,2JWU
57,CYS,C,N,124.26,unknown,16318,2JWU
58,LYS,K,CA,59.61,unknown,16318,2JWU
58,LYS,K,CB,32.849,unknown,16318,2JWU
58,LYS,K,CD,29.675,unknown,16318,2JWU
58,LYS,K,CE,41.791,unknown,16318,2JWU
58,LYS,K,CG,26.038,unknown,16318,2JWU
58,LYS,K,H,8.133,unknown,16318,2JWU
58,LYS,K,HA,3.942,unknown,16318,2JWU
58,LYS,K,HB2,1.773,unknown,16318,2JWU
58,LYS,K,HB3,1.872,unknown,16318,2JWU
58,LYS,K,HD2,1.66,unknown,16318,2JWU
58,LYS,K,HD3,1.66,unknown,16318,2JWU
58,LYS,K,HE2,2.917,unknown,16318,2JWU
58,LYS,K,HE3,2.917,unknown,16318,2JWU
58,LYS,K,HG2,1.365,unknown,16318,2JWU
58,LYS,K,HG3,1.583,unknown,16318,2JWU
58,LYS,K,N,117.129,unknown,16318,2JWU
59,GLN,Q,H,7.318,unknown,16318,2JWU
59,GLN,Q,HA,4.357,unknown,16318,2JWU
59,GLN,Q,HB2,2.51,unknown,16318,2JWU
59,GLN,Q,HB3,2.124,unknown,16318,2JWU
59,GLN,Q,HE21,6.772,unknown,16318,2JWU
59,GLN,Q,HG2,2.582,unknown,16318,2JWU
59,GLN,Q,HG3,2.582,unknown,16318,2JWU
59,GLN,Q,N,117.943,unknown,16318,2JWU
60,LEU,L,CD1,24.444,unknown,16318,2JWU
60,LEU,L,CD2,26.024,unknown,16318,2JWU
60,LEU,L,CG,27.835,unknown,16318,2JWU
60,LEU,L,H,8.667,unknown,16318,2JWU
60,LEU,L,HA,4.95,unknown,16318,2JWU
60,LEU,L,HB2,1.541,unknown,16318,2JWU
60,LEU,L,HB3,1.541,unknown,16318,2JWU
60,LEU,L,HD11,0.977,unknown,16318,2JWU
60,LEU,L,HD12,0.977,unknown,16318,2JWU
60,LEU,L,HD13,0.977,unknown,16318,2JWU
60,LEU,L,HD21,1.48,unknown,16318,2JWU
60,LEU,L,HD22,1.48,unknown,16318,2JWU
60,LEU,L,HD23,1.48,unknown,16318,2JWU
60,LEU,L,HG,1.848,unknown,16318,2JWU
60,LEU,L,N,120.67,unknown,16318,2JWU
61,ILE,I,CA,64.787,unknown,16318,2JWU
61,ILE,I,CB,37.32,unknown,16318,2JWU
61,ILE,I,CD1,13.148,unknown,16318,2JWU
61,ILE,I,CG1,30.26,unknown,16318,2JWU
61,ILE,I,CG2,18.9,unknown,16318,2JWU
61,ILE,I,H,8.78,unknown,16318,2JWU
61,ILE,I,HA,3.614,unknown,16318,2JWU
61,ILE,I,HB,1.827,unknown,16318,2JWU
61,ILE,I,HD11,0.527,unknown,16318,2JWU
61,ILE,I,HD12,0.527,unknown,16318,2JWU
61,ILE,I,HD13,0.527,unknown,16318,2JWU
61,ILE,I,HG12,0.851,unknown,16318,2JWU
61,ILE,I,HG13,1.445,unknown,16318,2JWU
61,ILE,I,HG21,0.793,unknown,16318,2JWU
61,ILE,I,HG22,0.793,unknown,16318,2JWU
61,ILE,I,HG23,0.793,unknown,16318,2JWU
61,ILE,I,N,119.837,unknown,16318,2JWU
62,ALA,A,CA,55.374,unknown,16318,2JWU
62,ALA,A,CB,18.56,unknown,16318,2JWU
62,ALA,A,H,7.675,unknown,16318,2JWU
62,ALA,A,HA,4.112,unknown,16318,2JWU
62,ALA,A,HB1,1.511,unknown,16318,2JWU
62,ALA,A,HB2,1.511,unknown,16318,2JWU
62,ALA,A,HB3,1.511,unknown,16318,2JWU
62,ALA,A,N,122.779,unknown,16318,2JWU
63,LEU,L,CA,58.334,unknown,16318,2JWU
63,LEU,L,CB,42.821,unknown,16318,2JWU
63,LEU,L,CD1,25.15,unknown,16318,2JWU
63,LEU,L,CD2,26.965,unknown,16318,2JWU
63,LEU,L,CG,27.232,unknown,16318,2JWU
63,LEU,L,H,7.983,unknown,16318,2JWU
63,LEU,L,HA,4.114,unknown,16318,2JWU
63,LEU,L,HB2,1.733,unknown,16318,2JWU
63,LEU,L,HB3,2.145,unknown,16318,2JWU
63,LEU,L,HD11,1.19,unknown,16318,2JWU
63,LEU,L,HD12,1.19,unknown,16318,2JWU
63,LEU,L,HD13,1.19,unknown,16318,2JWU
63,LEU,L,HD21,1.145,unknown,16318,2JWU
63,LEU,L,HD22,1.145,unknown,16318,2JWU
63,LEU,L,HD23,1.145,unknown,16318,2JWU
63,LEU,L,HG,2.22,unknown,16318,2JWU
63,LEU,L,N,118.291,unknown,16318,2JWU
64,CYS,C,CA,64.8,strand,16318,2JWU
64,CYS,C,CB,26.495,strand,16318,2JWU
64,CYS,C,H,8.663,strand,16318,2JWU
64,CYS,C,HA,4.35,strand,16318,2JWU
64,CYS,C,HB2,3.229,strand,16318,2JWU
64,CYS,C,HB3,2.978,strand,16318,2JWU
64,CYS,C,N,118.409,strand,16318,2JWU
65,CYS,C,CA,63.547,strand,16318,2JWU
65,CYS,C,CB,26.495,strand,16318,2JWU
65,CYS,C,H,8.672,strand,16318,2JWU
65,CYS,C,HA,4.152,strand,16318,2JWU
65,CYS,C,HB2,3.114,strand,16318,2JWU
65,CYS,C,HB3,2.803,strand,16318,2JWU
65,CYS,C,N,118.996,strand,16318,2JWU
66,TYR,Y,CA,61.22,strand,16318,2JWU
66,TYR,Y,CB,38.261,strand,16318,2JWU
66,TYR,Y,CD1,131.723,strand,16318,2JWU
66,TYR,Y,CE1,116.662,strand,16318,2JWU
66,TYR,Y,H,7.837,strand,16318,2JWU
66,TYR,Y,HA,4.199,strand,16318,2JWU
66,TYR,Y,HB2,3.178,strand,16318,2JWU
66,TYR,Y,HB3,3.239,strand,16318,2JWU
66,TYR,Y,HD1,7.147,strand,16318,2JWU
66,TYR,Y,HD2,7.147,strand,16318,2JWU
66,TYR,Y,HE1,6.813,strand,16318,2JWU
66,TYR,Y,HE2,6.813,strand,16318,2JWU
66,TYR,Y,N,120.65,strand,16318,2JWU
67,HIS,H,CA,58.668,unknown,16318,2JWU
67,HIS,H,CB,27.907,unknown,16318,2JWU
67,HIS,H,CD2,128.193,unknown,16318,2JWU
67,HIS,H,CE1,138.312,unknown,16318,2JWU
67,HIS,H,H,8.323,unknown,16318,2JWU
67,HIS,H,HA,4.341,unknown,16318,2JWU
67,HIS,H,HB2,3.194,unknown,16318,2JWU
67,HIS,H,HB3,3.575,unknown,16318,2JWU
67,HIS,H,HD2,7.176,unknown,16318,2JWU
67,HIS,H,HE1,8.6,unknown,16318,2JWU
67,HIS,H,N,117.149,unknown,16318,2JWU
68,ALA,A,CA,55.205,unknown,16318,2JWU
68,ALA,A,CB,20.695,unknown,16318,2JWU
68,ALA,A,H,8.693,unknown,16318,2JWU
68,ALA,A,HA,4.25,unknown,16318,2JWU
68,ALA,A,HB1,1.609,unknown,16318,2JWU
68,ALA,A,HB2,1.609,unknown,16318,2JWU
68,ALA,A,HB3,1.609,unknown,16318,2JWU
68,ALA,A,N,121.519,unknown,16318,2JWU
69,LYS,K,CA,57.962,strand,16318,2JWU
69,LYS,K,CB,32.613,strand,16318,2JWU
69,LYS,K,CD,29.319,strand,16318,2JWU
69,LYS,K,CE,42.27,strand,16318,2JWU
69,LYS,K,CG,25.62,strand,16318,2JWU
69,LYS,K,H,7.126,strand,16318,2JWU
69,LYS,K,HA,3.737,strand,16318,2JWU
69,LYS,K,HB2,1.425,strand,16318,2JWU
69,LYS,K,HB3,1.594,strand,16318,2JWU
69,LYS,K,HD2,1.517,strand,16318,2JWU
69,LYS,K,HD3,1.554,strand,16318,2JWU
69,LYS,K,HE2,2.844,strand,16318,2JWU
69,LYS,K,HE3,2.844,strand,16318,2JWU
69,LYS,K,HG2,1.81,strand,16318,2JWU
69,LYS,K,HG3,1.252,strand,16318,2JWU
69,LYS,K,N,114.376,strand,16318,2JWU
70,HIS,H,CA,54.97,unknown,16318,2JWU
70,HIS,H,CB,31.201,unknown,16318,2JWU
70,HIS,H,CD2,120.192,unknown,16318,2JWU
70,HIS,H,CE1,136.41,unknown,16318,2JWU
70,HIS,H,H,6.884,unknown,16318,2JWU
70,HIS,H,HA,4.711,unknown,16318,2JWU
70,HIS,H,HB2,2.785,unknown,16318,2JWU
70,HIS,H,HB3,3.327,unknown,16318,2JWU
70,HIS,H,HD2,6.894,unknown,16318,2JWU
70,HIS,H,HE1,7.646,unknown,16318,2JWU
70,HIS,H,N,113.369,unknown,16318,2JWU
71,CYS,C,CA,60.8,unknown,16318,2JWU
71,CYS,C,CB,30.25,unknown,16318,2JWU
71,CYS,C,H,6.969,unknown,16318,2JWU
71,CYS,C,HA,4.21,unknown,16318,2JWU
71,CYS,C,HB2,1.781,unknown,16318,2JWU
71,CYS,C,HB3,2.423,unknown,16318,2JWU
71,CYS,C,N,123.813,unknown,16318,2JWU
72,GLN,Q,CA,54.735,coil,16318,2JWU
72,GLN,Q,CB,29.319,coil,16318,2JWU
72,GLN,Q,CG,33.319,coil,16318,2JWU
72,GLN,Q,H,9.101,coil,16318,2JWU
72,GLN,Q,HA,4.646,coil,16318,2JWU
72,GLN,Q,HB2,1.805,coil,16318,2JWU
72,GLN,Q,HB3,2.434,coil,16318,2JWU
72,GLN,Q,HE21,6.773,coil,16318,2JWU
72,GLN,Q,HE22,7.332,coil,16318,2JWU
72,GLN,Q,HG2,2.303,coil,16318,2JWU
72,GLN,Q,HG3,2.368,coil,16318,2JWU
72,GLN,Q,N,128.43,coil,16318,2JWU
72,GLN,Q,NE2,112.584,coil,16318,2JWU
73,GLU,E,CA,55.374,coil,16318,2JWU
73,GLU,E,CB,30.731,coil,16318,2JWU
73,GLU,E,CG,35.908,coil,16318,2JWU
73,GLU,E,H,8.331,coil,16318,2JWU
73,GLU,E,HA,4.365,coil,16318,2JWU
73,GLU,E,HB2,1.966,coil,16318,2JWU
73,GLU,E,HG2,2.298,coil,16318,2JWU
73,GLU,E,HG3,2.374,coil,16318,2JWU
73,GLU,E,N,123.251,coil,16318,2JWU
74,ASN,N,CA,54.97,coil,16318,2JWU
74,ASN,N,CB,38.732,coil,16318,2JWU
74,ASN,N,HA,4.512,coil,16318,2JWU
74,ASN,N,HB2,2.813,coil,16318,2JWU
74,ASN,N,HB3,2.813,coil,16318,2JWU
74,ASN,N,HD21,6.978,coil,16318,2JWU
74,ASN,N,HD22,7.614,coil,16318,2JWU
74,ASN,N,ND2,112.824,coil,16318,2JWU
75,LYS,K,CA,54.735,coil,16318,2JWU
75,LYS,K,CB,30.966,coil,16318,2JWU
75,LYS,K,CD,29.83,coil,16318,2JWU
75,LYS,K,CE,41.791,coil,16318,2JWU
75,LYS,K,CG,25.15,coil,16318,2JWU
75,LYS,K,H,8.779,coil,16318,2JWU
75,LYS,K,HA,4.424,coil,16318,2JWU
75,LYS,K,HB2,1.622,coil,16318,2JWU
75,LYS,K,HB3,1.892,coil,16318,2JWU
75,LYS,K,HD2,1.64,coil,16318,2JWU
75,LYS,K,HD3,1.679,coil,16318,2JWU
75,LYS,K,HE2,2.958,coil,16318,2JWU
75,LYS,K,HE3,2.958,coil,16318,2JWU
75,LYS,K,HG2,1.294,coil,16318,2JWU
75,LYS,K,HG3,1.351,coil,16318,2JWU
75,LYS,K,N,121.35,coil,16318,2JWU
76,CYS,C,CA,57.256,unknown,16318,2JWU
76,CYS,C,CB,30.731,unknown,16318,2JWU
76,CYS,C,H,7.59,unknown,16318,2JWU
76,CYS,C,HA,4.361,unknown,16318,2JWU
76,CYS,C,HB2,2.814,unknown,16318,2JWU
76,CYS,C,HB3,2.939,unknown,16318,2JWU
76,CYS,C,N,124.209,unknown,16318,2JWU
77,PRO,P,CA,62.669,unknown,16318,2JWU
77,PRO,P,CB,32.849,unknown,16318,2JWU
77,PRO,P,CD,51.44,unknown,16318,2JWU
77,PRO,P,CG,26.73,unknown,16318,2JWU
77,PRO,P,HA,4.651,unknown,16318,2JWU
77,PRO,P,HB2,1.823,unknown,16318,2JWU
77,PRO,P,HB3,2.45,unknown,16318,2JWU
77,PRO,P,HD2,3.815,unknown,16318,2JWU
77,PRO,P,HD3,4.22,unknown,16318,2JWU
77,PRO,P,HG2,1.675,unknown,16318,2JWU
77,PRO,P,HG3,2.6,unknown,16318,2JWU
78,VAL,V,CA,61.257,unknown,16318,2JWU
78,VAL,V,CB,31.672,unknown,16318,2JWU
78,VAL,V,CG1,21.62,unknown,16318,2JWU
78,VAL,V,CG2,23.738,unknown,16318,2JWU
78,VAL,V,H,8.962,unknown,16318,2JWU
78,VAL,V,HA,4.199,unknown,16318,2JWU
78,VAL,V,HB,2.191,unknown,16318,2JWU
78,VAL,V,HG11,0.809,unknown,16318,2JWU
78,VAL,V,HG12,0.809,unknown,16318,2JWU
78,VAL,V,HG13,0.809,unknown,16318,2JWU
78,VAL,V,HG21,0.436,unknown,16318,2JWU
78,VAL,V,HG22,0.436,unknown,16318,2JWU
78,VAL,V,HG23,0.436,unknown,16318,2JWU
78,VAL,V,N,128.606,unknown,16318,2JWU
79,PRO,P,CA,63.846,strand,16318,2JWU
79,PRO,P,CB,30.731,strand,16318,2JWU
79,PRO,P,CD,51.675,strand,16318,2JWU
79,PRO,P,CG,28.142,strand,16318,2JWU
79,PRO,P,HA,3.936,strand,16318,2JWU
79,PRO,P,HB2,1.623,strand,16318,2JWU
79,PRO,P,HB3,1.772,strand,16318,2JWU
79,PRO,P,HD2,3.455,strand,16318,2JWU
79,PRO,P,HD3,4.118,strand,16318,2JWU
79,PRO,P,HG2,1.886,strand,16318,2JWU
79,PRO,P,HG3,1.886,strand,16318,2JWU
80,PHE,F,CA,59.374,strand,16318,2JWU
80,PHE,F,CB,37.791,strand,16318,2JWU
80,PHE,F,CD1,129.84,strand,16318,2JWU
80,PHE,F,CE1,131.123,strand,16318,2JWU
80,PHE,F,HA,4.255,strand,16318,2JWU
80,PHE,F,HB2,3.338,strand,16318,2JWU
80,PHE,F,HB3,3.458,strand,16318,2JWU
80,PHE,F,HD1,7.252,strand,16318,2JWU
80,PHE,F,HD2,7.252,strand,16318,2JWU
80,PHE,F,HE1,7.247,strand,16318,2JWU
80,PHE,F,HE2,7.247,strand,16318,2JWU
81,CYS,C,CA,64.552,unknown,16318,2JWU
81,CYS,C,CB,30.495,unknown,16318,2JWU
81,CYS,C,H,7.66,unknown,16318,2JWU
81,CYS,C,HA,3.997,unknown,16318,2JWU
81,CYS,C,HB2,2.811,unknown,16318,2JWU
81,CYS,C,HB3,3.185,unknown,16318,2JWU
81,CYS,C,N,124.104,unknown,16318,2JWU
82,LEU,L,CA,57.962,unknown,16318,2JWU
82,LEU,L,CB,41.321,unknown,16318,2JWU
82,LEU,L,CD1,25.318,unknown,16318,2JWU
82,LEU,L,CD2,24.914,unknown,16318,2JWU
82,LEU,L,CG,27.436,unknown,16318,2JWU
82,LEU,L,H,8.17,unknown,16318,2JWU
82,LEU,L,HA,3.988,unknown,16318,2JWU
82,LEU,L,HB2,1.757,unknown,16318,2JWU
82,LEU,L,HB3,1.534,unknown,16318,2JWU
82,LEU,L,HD11,0.952,unknown,16318,2JWU
82,LEU,L,HD12,0.952,unknown,16318,2JWU
82,LEU,L,HD13,0.952,unknown,16318,2JWU
82,LEU,L,HD21,0.929,unknown,16318,2JWU
82,LEU,L,HD22,0.929,unknown,16318,2JWU
82,LEU,L,HD23,0.929,unknown,16318,2JWU
82,LEU,L,HG,1.703,unknown,16318,2JWU
82,LEU,L,N,115.95,unknown,16318,2JWU
83,ASN,N,CA,56.8,unknown,16318,2JWU
83,ASN,N,CB,38.967,unknown,16318,2JWU
83,ASN,N,H,7.826,unknown,16318,2JWU
83,ASN,N,HA,4.447,unknown,16318,2JWU
83,ASN,N,HB2,2.899,unknown,16318,2JWU
83,ASN,N,HB3,2.899,unknown,16318,2JWU
83,ASN,N,HD21,7.31,unknown,16318,2JWU
83,ASN,N,HD22,7.712,unknown,16318,2JWU
83,ASN,N,N,116.117,unknown,16318,2JWU
83,ASN,N,ND2,111.767,unknown,16318,2JWU
84,ILE,I,CA,64.787,unknown,16318,2JWU
84,ILE,I,CB,38.497,unknown,16318,2JWU
84,ILE,I,CD1,15.266,unknown,16318,2JWU
84,ILE,I,CG1,30.087,unknown,16318,2JWU
84,ILE,I,CG2,19.31,unknown,16318,2JWU
84,ILE,I,H,8.607,unknown,16318,2JWU
84,ILE,I,HA,3.718,unknown,16318,2JWU
84,ILE,I,HB,1.956,unknown,16318,2JWU
84,ILE,I,HD11,0.847,unknown,16318,2JWU
84,ILE,I,HD12,0.847,unknown,16318,2JWU
84,ILE,I,HD13,0.847,unknown,16318,2JWU
84,ILE,I,HG12,1.76,unknown,16318,2JWU
84,ILE,I,HG13,1.873,unknown,16318,2JWU
84,ILE,I,HG21,0.919,unknown,16318,2JWU
84,ILE,I,HG22,0.919,unknown,16318,2JWU
84,ILE,I,HG23,0.919,unknown,16318,2JWU
84,ILE,I,N,121.553,unknown,16318,2JWU
85,LYS,K,CA,60.551,unknown,16318,2JWU
85,LYS,K,CB,32.613,unknown,16318,2JWU
85,LYS,K,CD,30.531,unknown,16318,2JWU
85,LYS,K,CE,42.262,unknown,16318,2JWU
85,LYS,K,CG,26.259,unknown,16318,2JWU
85,LYS,K,H,8.855,unknown,16318,2JWU
85,LYS,K,HA,3.859,unknown,16318,2JWU
85,LYS,K,HB2,1.724,unknown,16318,2JWU
85,LYS,K,HB3,1.95,unknown,16318,2JWU
85,LYS,K,HD2,1.65,unknown,16318,2JWU
85,LYS,K,HD3,1.77,unknown,16318,2JWU
85,LYS,K,HE2,3.109,unknown,16318,2JWU
85,LYS,K,HE3,3.372,unknown,16318,2JWU
85,LYS,K,HG2,1.376,unknown,16318,2JWU
85,LYS,K,HG3,1.977,unknown,16318,2JWU
85,LYS,K,N,119.992,unknown,16318,2JWU
86,HIS,H,CA,58.433,unknown,16318,2JWU
86,HIS,H,CB,30.495,unknown,16318,2JWU
86,HIS,H,CD2,119.312,unknown,16318,2JWU
86,HIS,H,CE1,136.665,unknown,16318,2JWU
86,HIS,H,H,8.1,unknown,16318,2JWU
86,HIS,H,HA,4.411,unknown,16318,2JWU
86,HIS,H,HB2,3.245,unknown,16318,2JWU
86,HIS,H,HB3,3.245,unknown,16318,2JWU
86,HIS,H,HD2,7.4,unknown,16318,2JWU
86,HIS,H,HE1,7.82,unknown,16318,2JWU
86,HIS,H,N,117.237,unknown,16318,2JWU
87,LYS,K,CA,57.727,unknown,16318,2JWU
87,LYS,K,CB,32.378,unknown,16318,2JWU
87,LYS,K,CD,28.848,unknown,16318,2JWU
87,LYS,K,CE,42.27,unknown,16318,2JWU
87,LYS,K,CG,25.385,unknown,16318,2JWU
87,LYS,K,H,7.685,unknown,16318,2JWU
87,LYS,K,HA,4.128,unknown,16318,2JWU
87,LYS,K,HB2,1.966,unknown,16318,2JWU
87,LYS,K,HB3,1.966,unknown,16318,2JWU
87,LYS,K,HD2,1.684,unknown,16318,2JWU
87,LYS,K,HD3,1.684,unknown,16318,2JWU
87,LYS,K,HE2,2.989,unknown,16318,2JWU
87,LYS,K,HE3,2.989,unknown,16318,2JWU
87,LYS,K,HG2,1.488,unknown,16318,2JWU
87,LYS,K,HG3,1.554,unknown,16318,2JWU
87,LYS,K,N,119.118,unknown,16318,2JWU
88,LEU,L,CA,56.8,unknown,16318,2JWU
88,LEU,L,CB,42.262,unknown,16318,2JWU
88,LEU,L,CD1,23.267,unknown,16318,2JWU
88,LEU,L,CD2,25.265,unknown,16318,2JWU
88,LEU,L,CG,26.73,unknown,16318,2JWU
88,LEU,L,H,8.23,unknown,16318,2JWU
88,LEU,L,HA,4.174,unknown,16318,2JWU
88,LEU,L,HB2,1.524,unknown,16318,2JWU
88,LEU,L,HB3,1.817,unknown,16318,2JWU
88,LEU,L,HD11,0.825,unknown,16318,2JWU
88,LEU,L,HD12,0.825,unknown,16318,2JWU
88,LEU,L,HD13,0.825,unknown,16318,2JWU
88,LEU,L,HD21,0.822,unknown,16318,2JWU
88,LEU,L,HD22,0.822,unknown,16318,2JWU
88,LEU,L,HD23,0.822,unknown,16318,2JWU
88,LEU,L,HG,1.81,unknown,16318,2JWU
88,LEU,L,N,119.305,unknown,16318,2JWU
89,ARG,R,CA,56.55,strand,16318,2JWU
89,ARG,R,CB,30.26,strand,16318,2JWU
89,ARG,R,CD,43.674,strand,16318,2JWU
89,ARG,R,CG,27.436,strand,16318,2JWU
89,ARG,R,H,7.765,strand,16318,2JWU
89,ARG,R,HA,4.245,strand,16318,2JWU
89,ARG,R,HB2,1.884,strand,16318,2JWU
89,ARG,R,HB3,1.884,strand,16318,2JWU
89,ARG,R,HD2,3.182,strand,16318,2JWU
89,ARG,R,HD3,3.182,strand,16318,2JWU
89,ARG,R,HG2,1.568,strand,16318,2JWU
89,ARG,R,HG3,1.717,strand,16318,2JWU
89,ARG,R,N,118.302,strand,16318,2JWU
90,GLN,Q,CA,55.609,strand,16318,2JWU
90,GLN,Q,CB,29.554,strand,16318,2JWU
90,GLN,Q,CG,33.79,strand,16318,2JWU
90,GLN,Q,H,7.851,strand,16318,2JWU
90,GLN,Q,HA,4.262,strand,16318,2JWU
90,GLN,Q,HB2,2.12,strand,16318,2JWU
90,GLN,Q,HB3,2.136,strand,16318,2JWU
90,GLN,Q,HE21,6.802,strand,16318,2JWU
90,GLN,Q,HE22,7.358,strand,16318,2JWU
90,GLN,Q,HG2,2.356,strand,16318,2JWU
90,GLN,Q,HG3,2.356,strand,16318,2JWU
90,GLN,Q,N,119.45,strand,16318,2JWU
90,GLN,Q,NE2,112.171,strand,16318,2JWU
91,GLN,Q,CA,55.609,strand,16318,2JWU
91,GLN,Q,CB,29.554,strand,16318,2JWU
91,GLN,Q,CG,33.79,strand,16318,2JWU
91,GLN,Q,H,8.71,strand,16318,2JWU
91,GLN,Q,HA,4.317,strand,16318,2JWU
91,GLN,Q,HB2,2.11,strand,16318,2JWU
91,GLN,Q,HB3,2.136,strand,16318,2JWU
91,GLN,Q,HE21,6.798,strand,16318,2JWU
91,GLN,Q,HE22,7.567,strand,16318,2JWU
91,GLN,Q,HG2,2.365,strand,16318,2JWU
91,GLN,Q,HG3,2.365,strand,16318,2JWU
91,GLN,Q,N,120.675,strand,16318,2JWU
91,GLN,Q,NE2,112.398,strand,16318,2JWU
92,GLN,Q,CA,57.21,coil,16318,2JWU
92,GLN,Q,CB,30.731,coil,16318,2JWU
92,GLN,Q,CG,34.496,coil,16318,2JWU
92,GLN,Q,H,7.945,coil,16318,2JWU
92,GLN,Q,HA,4.145,coil,16318,2JWU
92,GLN,Q,HB2,1.923,coil,16318,2JWU
92,GLN,Q,HB3,2.112,coil,16318,2JWU
92,GLN,Q,HE21,6.772,coil,16318,2JWU
92,GLN,Q,HE22,7.486,coil,16318,2JWU
92,GLN,Q,HG2,2.299,coil,16318,2JWU
92,GLN,Q,HG3,2.299,coil,16318,2JWU
92,GLN,Q,N,126.7,coil,16318,2JWU
92,GLN,Q,NE2,112.236,coil,16318,2JWU
