seq_id,residue_name,residue,atom,shift,ss_class,source
2,VAL,V,H,8.442,coil,bmr17561_2LBH
2,VAL,V,H,8.442,coil,bmr17561_2LBH
2,VAL,V,HA,4.106,coil,bmr17561_2LBH
2,VAL,V,HA,4.106,coil,bmr17561_2LBH
2,VAL,V,HB,2.007,coil,bmr17561_2LBH
2,VAL,V,HB,2.007,coil,bmr17561_2LBH
2,VAL,V,HG11,0.897,coil,bmr17561_2LBH
2,VAL,V,HG11,0.897,coil,bmr17561_2LBH
2,VAL,V,HG12,0.897,coil,bmr17561_2LBH
2,VAL,V,HG12,0.897,coil,bmr17561_2LBH
2,VAL,V,HG13,0.897,coil,bmr17561_2LBH
2,VAL,V,HG13,0.897,coil,bmr17561_2LBH
2,VAL,V,N,119.953,coil,bmr17561_2LBH
2,VAL,V,N,119.953,coil,bmr17561_2LBH
3,LEU,L,CA,54.718,coil,bmr17561_2LBH
3,LEU,L,CA,54.718,coil,bmr17561_2LBH
3,LEU,L,H,8.338,coil,bmr17561_2LBH
3,LEU,L,H,8.425,coil,bmr17561_2LBH
3,LEU,L,HA,4.342,coil,bmr17561_2LBH
3,LEU,L,HA,4.342,coil,bmr17561_2LBH
3,LEU,L,HB2,1.563,coil,bmr17561_2LBH
3,LEU,L,HB2,1.563,coil,bmr17561_2LBH
3,LEU,L,HD11,0.893,coil,bmr17561_2LBH
3,LEU,L,HD11,0.893,coil,bmr17561_2LBH
3,LEU,L,HD12,0.893,coil,bmr17561_2LBH
3,LEU,L,HD12,0.893,coil,bmr17561_2LBH
3,LEU,L,HD13,0.893,coil,bmr17561_2LBH
3,LEU,L,HD13,0.893,coil,bmr17561_2LBH
3,LEU,L,HD21,0.884,coil,bmr17561_2LBH
3,LEU,L,HD21,0.884,coil,bmr17561_2LBH
3,LEU,L,HD22,0.884,coil,bmr17561_2LBH
3,LEU,L,HD22,0.884,coil,bmr17561_2LBH
3,LEU,L,HD23,0.884,coil,bmr17561_2LBH
3,LEU,L,HD23,0.884,coil,bmr17561_2LBH
3,LEU,L,N,126.484,coil,bmr17561_2LBH
3,LEU,L,N,127.619,coil,bmr17561_2LBH
4,ASP,D,H,8.432,coil,bmr17561_2LBH
4,ASP,D,H,8.497,coil,bmr17561_2LBH
4,ASP,D,HA,4.674,coil,bmr17561_2LBH
4,ASP,D,HA,4.674,coil,bmr17561_2LBH
4,ASP,D,HB2,2.884,coil,bmr17561_2LBH
4,ASP,D,HB2,2.884,coil,bmr17561_2LBH
4,ASP,D,HB3,2.75,coil,bmr17561_2LBH
4,ASP,D,HB3,2.75,coil,bmr17561_2LBH
4,ASP,D,N,120.807,coil,bmr17561_2LBH
4,ASP,D,N,121.049,coil,bmr17561_2LBH
5,LEU,L,CA,55.112,coil,bmr17561_2LBH
5,LEU,L,CA,55.112,coil,bmr17561_2LBH
5,LEU,L,H,8.179,coil,bmr17561_2LBH
5,LEU,L,H,8.179,coil,bmr17561_2LBH
5,LEU,L,HA,4.274,coil,bmr17561_2LBH
5,LEU,L,HA,4.274,coil,bmr17561_2LBH
5,LEU,L,HB2,1.564,coil,bmr17561_2LBH
5,LEU,L,HB2,1.564,coil,bmr17561_2LBH
5,LEU,L,HD11,0.882,coil,bmr17561_2LBH
5,LEU,L,HD11,0.882,coil,bmr17561_2LBH
5,LEU,L,HD12,0.882,coil,bmr17561_2LBH
5,LEU,L,HD12,0.882,coil,bmr17561_2LBH
5,LEU,L,HD13,0.882,coil,bmr17561_2LBH
5,LEU,L,HD13,0.882,coil,bmr17561_2LBH
5,LEU,L,HD21,0.84,coil,bmr17561_2LBH
5,LEU,L,HD21,0.84,coil,bmr17561_2LBH
5,LEU,L,HD22,0.84,coil,bmr17561_2LBH
5,LEU,L,HD22,0.84,coil,bmr17561_2LBH
5,LEU,L,HD23,0.84,coil,bmr17561_2LBH
5,LEU,L,HD23,0.84,coil,bmr17561_2LBH
5,LEU,L,N,122.91,coil,bmr17561_2LBH
5,LEU,L,N,122.91,coil,bmr17561_2LBH
6,ASP,D,CA,53.02,coil,bmr17561_2LBH
6,ASP,D,CA,53.02,coil,bmr17561_2LBH
6,ASP,D,H,8.333,coil,bmr17561_2LBH
6,ASP,D,H,8.333,coil,bmr17561_2LBH
6,ASP,D,HA,4.661,coil,bmr17561_2LBH
6,ASP,D,HA,4.661,coil,bmr17561_2LBH
6,ASP,D,HB2,2.88,coil,bmr17561_2LBH
6,ASP,D,HB2,2.88,coil,bmr17561_2LBH
6,ASP,D,HB3,2.762,coil,bmr17561_2LBH
6,ASP,D,HB3,2.762,coil,bmr17561_2LBH
6,ASP,D,N,119.562,coil,bmr17561_2LBH
6,ASP,D,N,119.562,coil,bmr17561_2LBH
7,VAL,V,CA,62.187,coil,bmr17561_2LBH
7,VAL,V,CA,62.187,coil,bmr17561_2LBH
7,VAL,V,H,7.874,coil,bmr17561_2LBH
7,VAL,V,H,8.016,coil,bmr17561_2LBH
7,VAL,V,HA,4.107,coil,bmr17561_2LBH
7,VAL,V,HA,4.107,coil,bmr17561_2LBH
7,VAL,V,HB,2.068,coil,bmr17561_2LBH
7,VAL,V,HB,2.068,coil,bmr17561_2LBH
7,VAL,V,HG11,0.879,coil,bmr17561_2LBH
7,VAL,V,HG11,0.879,coil,bmr17561_2LBH
7,VAL,V,HG12,0.879,coil,bmr17561_2LBH
7,VAL,V,HG12,0.879,coil,bmr17561_2LBH
7,VAL,V,HG13,0.879,coil,bmr17561_2LBH
7,VAL,V,HG13,0.879,coil,bmr17561_2LBH
7,VAL,V,N,119.724,coil,bmr17561_2LBH
7,VAL,V,N,120.456,coil,bmr17561_2LBH
8,ARG,R,H,8.306,coil,bmr17561_2LBH
8,ARG,R,H,8.36,coil,bmr17561_2LBH
8,ARG,R,HA,4.378,coil,bmr17561_2LBH
8,ARG,R,HA,4.372,coil,bmr17561_2LBH
8,ARG,R,HB2,1.73,coil,bmr17561_2LBH
8,ARG,R,HB2,1.73,coil,bmr17561_2LBH
8,ARG,R,N,123.721,coil,bmr17561_2LBH
8,ARG,R,N,124.1,coil,bmr17561_2LBH
9,THR,T,H,7.832,coil,bmr17561_2LBH
9,THR,T,H,7.832,coil,bmr17561_2LBH
9,THR,T,HA,5.012,coil,bmr17561_2LBH
9,THR,T,HA,5.012,coil,bmr17561_2LBH
9,THR,T,HB,4.097,coil,bmr17561_2LBH
9,THR,T,HB,4.097,coil,bmr17561_2LBH
9,THR,T,N,113.933,coil,bmr17561_2LBH
9,THR,T,N,113.933,coil,bmr17561_2LBH
10,CYS,C,H,7.997,coil,bmr17561_2LBH
10,CYS,C,H,7.997,coil,bmr17561_2LBH
10,CYS,C,HA,4.564,coil,bmr17561_2LBH
10,CYS,C,HA,4.564,coil,bmr17561_2LBH
10,CYS,C,HB2,2.952,coil,bmr17561_2LBH
10,CYS,C,HB2,2.952,coil,bmr17561_2LBH
10,CYS,C,HB3,2.878,coil,bmr17561_2LBH
10,CYS,C,HB3,2.878,coil,bmr17561_2LBH
10,CYS,C,N,127.524,coil,bmr17561_2LBH
10,CYS,C,N,127.524,coil,bmr17561_2LBH
12,PRO,P,HA,4.694,coil,bmr17561_2LBH
12,PRO,P,HA,4.694,coil,bmr17561_2LBH
12,PRO,P,HB2,2.41,coil,bmr17561_2LBH
12,PRO,P,HB2,2.41,coil,bmr17561_2LBH
13,CYS,C,CA,54.53,coil,bmr17561_2LBH
13,CYS,C,CA,54.53,coil,bmr17561_2LBH
13,CYS,C,H,7.876,coil,bmr17561_2LBH
13,CYS,C,H,7.876,coil,bmr17561_2LBH
13,CYS,C,HA,4.776,coil,bmr17561_2LBH
13,CYS,C,HA,4.776,coil,bmr17561_2LBH
13,CYS,C,HB2,3.21,coil,bmr17561_2LBH
13,CYS,C,HB2,3.21,coil,bmr17561_2LBH
13,CYS,C,HB3,3.102,coil,bmr17561_2LBH
13,CYS,C,HB3,3.102,coil,bmr17561_2LBH
13,CYS,C,N,113.375,coil,bmr17561_2LBH
13,CYS,C,N,113.375,coil,bmr17561_2LBH
14,GLY,G,CA,44.483,coil,bmr17561_2LBH
14,GLY,G,CA,44.483,coil,bmr17561_2LBH
14,GLY,G,H,8.463,coil,bmr17561_2LBH
14,GLY,G,H,8.463,coil,bmr17561_2LBH
14,GLY,G,HA2,3.694,coil,bmr17561_2LBH
14,GLY,G,HA2,3.694,coil,bmr17561_2LBH
14,GLY,G,HA3,3.474,coil,bmr17561_2LBH
14,GLY,G,HA3,3.474,coil,bmr17561_2LBH
14,GLY,G,N,105.87,coil,bmr17561_2LBH
14,GLY,G,N,105.87,coil,bmr17561_2LBH
15,PRO,P,CA,63.79,coil,bmr17561_2LBH
15,PRO,P,CA,63.79,coil,bmr17561_2LBH
15,PRO,P,HA,4.311,coil,bmr17561_2LBH
15,PRO,P,HA,4.311,coil,bmr17561_2LBH
15,PRO,P,HB2,2.291,coil,bmr17561_2LBH
15,PRO,P,HB2,2.291,coil,bmr17561_2LBH
15,PRO,P,HG2,2.086,coil,bmr17561_2LBH
15,PRO,P,HG2,2.086,coil,bmr17561_2LBH
15,PRO,P,HG3,1.985,coil,bmr17561_2LBH
15,PRO,P,HG3,1.985,coil,bmr17561_2LBH
16,GLY,G,CA,46.16,coil,bmr17561_2LBH
16,GLY,G,CA,46.16,coil,bmr17561_2LBH
16,GLY,G,H,9.098,coil,bmr17561_2LBH
16,GLY,G,H,9.098,coil,bmr17561_2LBH
16,GLY,G,HA2,3.91,coil,bmr17561_2LBH
16,GLY,G,HA2,3.91,coil,bmr17561_2LBH
16,GLY,G,HA3,4.319,coil,bmr17561_2LBH
16,GLY,G,HA3,4.319,coil,bmr17561_2LBH
16,GLY,G,N,114.862,coil,bmr17561_2LBH
16,GLY,G,N,114.862,coil,bmr17561_2LBH
17,GLY,G,H,8.376,coil,bmr17561_2LBH
17,GLY,G,H,8.376,coil,bmr17561_2LBH
17,GLY,G,HA2,3.907,coil,bmr17561_2LBH
17,GLY,G,HA2,3.907,coil,bmr17561_2LBH
17,GLY,G,HA3,3.38,coil,bmr17561_2LBH
17,GLY,G,HA3,3.38,coil,bmr17561_2LBH
17,GLY,G,N,108.315,coil,bmr17561_2LBH
17,GLY,G,N,108.315,coil,bmr17561_2LBH
18,LYS,K,CA,56.611,coil,bmr17561_2LBH
18,LYS,K,CA,56.611,coil,bmr17561_2LBH
18,LYS,K,H,7.297,coil,bmr17561_2LBH
18,LYS,K,H,7.297,coil,bmr17561_2LBH
18,LYS,K,HA,4.294,coil,bmr17561_2LBH
18,LYS,K,HA,4.294,coil,bmr17561_2LBH
18,LYS,K,HB2,2.069,coil,bmr17561_2LBH
18,LYS,K,HB2,2.069,coil,bmr17561_2LBH
18,LYS,K,HB3,1.806,coil,bmr17561_2LBH
18,LYS,K,HB3,1.806,coil,bmr17561_2LBH
18,LYS,K,HG2,1.565,coil,bmr17561_2LBH
18,LYS,K,HG2,1.565,coil,bmr17561_2LBH
18,LYS,K,HG3,1.451,coil,bmr17561_2LBH
18,LYS,K,HG3,1.451,coil,bmr17561_2LBH
18,LYS,K,N,114.685,coil,bmr17561_2LBH
18,LYS,K,N,114.685,coil,bmr17561_2LBH
19,GLY,G,H,8.461,strand,bmr17561_2LBH
19,GLY,G,H,8.461,strand,bmr17561_2LBH
19,GLY,G,HA2,4.547,strand,bmr17561_2LBH
19,GLY,G,HA2,4.547,strand,bmr17561_2LBH
19,GLY,G,HA3,3.293,strand,bmr17561_2LBH
19,GLY,G,HA3,3.293,strand,bmr17561_2LBH
19,GLY,G,N,107.967,strand,bmr17561_2LBH
19,GLY,G,N,107.967,strand,bmr17561_2LBH
20,ARG,R,CA,53.774,strand,bmr17561_2LBH
20,ARG,R,CA,53.774,strand,bmr17561_2LBH
20,ARG,R,H,9.152,strand,bmr17561_2LBH
20,ARG,R,H,9.152,strand,bmr17561_2LBH
20,ARG,R,HA,5.196,strand,bmr17561_2LBH
20,ARG,R,HA,5.196,strand,bmr17561_2LBH
20,ARG,R,HB2,1.765,strand,bmr17561_2LBH
20,ARG,R,HB2,1.765,strand,bmr17561_2LBH
20,ARG,R,HB3,1.615,strand,bmr17561_2LBH
20,ARG,R,HB3,1.615,strand,bmr17561_2LBH
20,ARG,R,HG2,1.741,strand,bmr17561_2LBH
20,ARG,R,HG2,1.741,strand,bmr17561_2LBH
20,ARG,R,HG3,1.497,strand,bmr17561_2LBH
20,ARG,R,HG3,1.497,strand,bmr17561_2LBH
20,ARG,R,N,118.9,strand,bmr17561_2LBH
20,ARG,R,N,118.9,strand,bmr17561_2LBH
21,CYS,C,CA,56.183,strand,bmr17561_2LBH
21,CYS,C,CA,56.183,strand,bmr17561_2LBH
21,CYS,C,H,8.635,strand,bmr17561_2LBH
21,CYS,C,H,8.635,strand,bmr17561_2LBH
21,CYS,C,HA,5.452,strand,bmr17561_2LBH
21,CYS,C,HA,5.452,strand,bmr17561_2LBH
21,CYS,C,HB2,3.087,strand,bmr17561_2LBH
21,CYS,C,HB2,3.087,strand,bmr17561_2LBH
21,CYS,C,HB3,2.982,strand,bmr17561_2LBH
21,CYS,C,HB3,2.982,strand,bmr17561_2LBH
21,CYS,C,N,121.367,strand,bmr17561_2LBH
21,CYS,C,N,121.367,strand,bmr17561_2LBH
22,PHE,F,H,8.951,strand,bmr17561_2LBH
22,PHE,F,H,8.914,strand,bmr17561_2LBH
22,PHE,F,HA,4.325,strand,bmr17561_2LBH
22,PHE,F,HA,4.325,strand,bmr17561_2LBH
22,PHE,F,HB2,3.056,strand,bmr17561_2LBH
22,PHE,F,HB2,3.056,strand,bmr17561_2LBH
22,PHE,F,HB3,2.909,strand,bmr17561_2LBH
22,PHE,F,HB3,2.909,strand,bmr17561_2LBH
22,PHE,F,HD1,7.228,strand,bmr17561_2LBH
22,PHE,F,HD1,7.228,strand,bmr17561_2LBH
22,PHE,F,N,125.732,strand,bmr17561_2LBH
22,PHE,F,N,125.453,strand,bmr17561_2LBH
23,GLY,G,H,8.065,strand,bmr17561_2LBH
23,GLY,G,H,8.065,strand,bmr17561_2LBH
23,GLY,G,N,106.765,strand,bmr17561_2LBH
23,GLY,G,N,106.765,strand,bmr17561_2LBH
26,ILE,I,H,7.223,coil,bmr17561_2LBH
26,ILE,I,H,7.223,coil,bmr17561_2LBH
26,ILE,I,HA,5.097,coil,bmr17561_2LBH
26,ILE,I,HA,5.097,coil,bmr17561_2LBH
26,ILE,I,HD11,0.733,coil,bmr17561_2LBH
26,ILE,I,HD11,0.733,coil,bmr17561_2LBH
26,ILE,I,HD12,0.733,coil,bmr17561_2LBH
26,ILE,I,HD12,0.733,coil,bmr17561_2LBH
26,ILE,I,HD13,0.733,coil,bmr17561_2LBH
26,ILE,I,HD13,0.733,coil,bmr17561_2LBH
26,ILE,I,HG13,0.808,coil,bmr17561_2LBH
26,ILE,I,HG13,0.808,coil,bmr17561_2LBH
26,ILE,I,HG21,1.202,coil,bmr17561_2LBH
26,ILE,I,HG21,1.202,coil,bmr17561_2LBH
26,ILE,I,HG22,1.202,coil,bmr17561_2LBH
26,ILE,I,HG22,1.202,coil,bmr17561_2LBH
26,ILE,I,HG23,1.202,coil,bmr17561_2LBH
26,ILE,I,HG23,1.202,coil,bmr17561_2LBH
26,ILE,I,N,117.706,coil,bmr17561_2LBH
26,ILE,I,N,117.706,coil,bmr17561_2LBH
27,CYS,C,CA,54.156,coil,bmr17561_2LBH
27,CYS,C,CA,54.156,coil,bmr17561_2LBH
27,CYS,C,H,9.001,coil,bmr17561_2LBH
27,CYS,C,H,9.001,coil,bmr17561_2LBH
27,CYS,C,HA,5.574,coil,bmr17561_2LBH
27,CYS,C,HA,5.574,coil,bmr17561_2LBH
27,CYS,C,HB2,3.019,coil,bmr17561_2LBH
27,CYS,C,HB2,3.019,coil,bmr17561_2LBH
27,CYS,C,HB3,2.928,coil,bmr17561_2LBH
27,CYS,C,HB3,2.928,coil,bmr17561_2LBH
27,CYS,C,N,128.036,coil,bmr17561_2LBH
27,CYS,C,N,128.036,coil,bmr17561_2LBH
28,CYS,C,CA,55.39,coil,bmr17561_2LBH
28,CYS,C,CA,55.39,coil,bmr17561_2LBH
28,CYS,C,H,9.305,coil,bmr17561_2LBH
28,CYS,C,H,9.305,coil,bmr17561_2LBH
28,CYS,C,HA,6.386,coil,bmr17561_2LBH
28,CYS,C,HA,6.386,coil,bmr17561_2LBH
28,CYS,C,HB2,3.034,coil,bmr17561_2LBH
28,CYS,C,HB2,3.034,coil,bmr17561_2LBH
28,CYS,C,HB3,2.546,coil,bmr17561_2LBH
28,CYS,C,HB3,2.546,coil,bmr17561_2LBH
28,CYS,C,N,124.199,coil,bmr17561_2LBH
28,CYS,C,N,124.199,coil,bmr17561_2LBH
29,GLY,G,CA,45.204,coil,bmr17561_2LBH
29,GLY,G,CA,45.204,coil,bmr17561_2LBH
29,GLY,G,H,8.743,coil,bmr17561_2LBH
29,GLY,G,H,8.743,coil,bmr17561_2LBH
29,GLY,G,HA2,4.975,coil,bmr17561_2LBH
29,GLY,G,HA2,4.975,coil,bmr17561_2LBH
29,GLY,G,HA3,3.97,coil,bmr17561_2LBH
29,GLY,G,HA3,3.97,coil,bmr17561_2LBH
29,GLY,G,N,106.83,coil,bmr17561_2LBH
29,GLY,G,N,106.83,coil,bmr17561_2LBH
30,ASP,D,CA,57.216,strand,bmr17561_2LBH
30,ASP,D,CA,57.216,strand,bmr17561_2LBH
30,ASP,D,H,9.198,strand,bmr17561_2LBH
30,ASP,D,H,9.198,strand,bmr17561_2LBH
30,ASP,D,HA,4.414,strand,bmr17561_2LBH
30,ASP,D,HA,4.414,strand,bmr17561_2LBH
30,ASP,D,HB2,2.898,strand,bmr17561_2LBH
30,ASP,D,HB2,2.898,strand,bmr17561_2LBH
30,ASP,D,HB3,2.897,strand,bmr17561_2LBH
30,ASP,D,HB3,2.897,strand,bmr17561_2LBH
30,ASP,D,N,122.916,strand,bmr17561_2LBH
30,ASP,D,N,122.916,strand,bmr17561_2LBH
31,GLU,E,CA,55.716,strand,bmr17561_2LBH
31,GLU,E,CA,55.716,strand,bmr17561_2LBH
31,GLU,E,H,8.913,strand,bmr17561_2LBH
31,GLU,E,H,8.913,strand,bmr17561_2LBH
31,GLU,E,HA,4.524,strand,bmr17561_2LBH
31,GLU,E,HA,4.524,strand,bmr17561_2LBH
31,GLU,E,HB2,1.969,strand,bmr17561_2LBH
31,GLU,E,HB2,1.969,strand,bmr17561_2LBH
31,GLU,E,HB3,2.465,strand,bmr17561_2LBH
31,GLU,E,HB3,2.465,strand,bmr17561_2LBH
31,GLU,E,HG2,2.897,strand,bmr17561_2LBH
31,GLU,E,HG2,2.897,strand,bmr17561_2LBH
31,GLU,E,HG3,2.321,strand,bmr17561_2LBH
31,GLU,E,HG3,2.321,strand,bmr17561_2LBH
31,GLU,E,N,115.253,strand,bmr17561_2LBH
31,GLU,E,N,115.253,strand,bmr17561_2LBH
32,LEU,L,CA,55.51,strand,bmr17561_2LBH
32,LEU,L,CA,55.51,strand,bmr17561_2LBH
32,LEU,L,H,7.368,strand,bmr17561_2LBH
32,LEU,L,H,7.368,strand,bmr17561_2LBH
32,LEU,L,HA,4.41,strand,bmr17561_2LBH
32,LEU,L,HA,4.41,strand,bmr17561_2LBH
32,LEU,L,HB2,1.673,strand,bmr17561_2LBH
32,LEU,L,HB2,1.673,strand,bmr17561_2LBH
32,LEU,L,HB3,1.602,strand,bmr17561_2LBH
32,LEU,L,HB3,1.602,strand,bmr17561_2LBH
32,LEU,L,HD11,0.963,strand,bmr17561_2LBH
32,LEU,L,HD11,0.963,strand,bmr17561_2LBH
32,LEU,L,HD12,0.963,strand,bmr17561_2LBH
32,LEU,L,HD12,0.963,strand,bmr17561_2LBH
32,LEU,L,HD13,0.963,strand,bmr17561_2LBH
32,LEU,L,HD13,0.963,strand,bmr17561_2LBH
32,LEU,L,HG,1.212,strand,bmr17561_2LBH
32,LEU,L,HG,1.212,strand,bmr17561_2LBH
32,LEU,L,N,118.176,strand,bmr17561_2LBH
32,LEU,L,N,118.176,strand,bmr17561_2LBH
33,GLY,G,H,7.861,coil,bmr17561_2LBH
33,GLY,G,H,7.861,coil,bmr17561_2LBH
33,GLY,G,HA2,3.963,coil,bmr17561_2LBH
33,GLY,G,HA2,3.963,coil,bmr17561_2LBH
33,GLY,G,HA3,3.3,coil,bmr17561_2LBH
33,GLY,G,HA3,3.3,coil,bmr17561_2LBH
33,GLY,G,N,103.849,coil,bmr17561_2LBH
33,GLY,G,N,103.849,coil,bmr17561_2LBH
34,CYS,C,CA,55.713,coil,bmr17561_2LBH
34,CYS,C,CA,55.713,coil,bmr17561_2LBH
34,CYS,C,H,8.281,coil,bmr17561_2LBH
34,CYS,C,H,8.281,coil,bmr17561_2LBH
34,CYS,C,HA,5.338,coil,bmr17561_2LBH
34,CYS,C,HA,5.338,coil,bmr17561_2LBH
34,CYS,C,HB2,2.503,coil,bmr17561_2LBH
34,CYS,C,HB2,2.503,coil,bmr17561_2LBH
34,CYS,C,HB3,2.319,coil,bmr17561_2LBH
34,CYS,C,HB3,2.319,coil,bmr17561_2LBH
34,CYS,C,N,114.254,coil,bmr17561_2LBH
34,CYS,C,N,114.254,coil,bmr17561_2LBH
35,PHE,F,H,9.491,coil,bmr17561_2LBH
35,PHE,F,H,9.491,coil,bmr17561_2LBH
35,PHE,F,HA,4.432,coil,bmr17561_2LBH
35,PHE,F,HA,4.432,coil,bmr17561_2LBH
35,PHE,F,HB2,2.753,coil,bmr17561_2LBH
35,PHE,F,HB2,2.753,coil,bmr17561_2LBH
35,PHE,F,N,123.432,coil,bmr17561_2LBH
35,PHE,F,N,123.432,coil,bmr17561_2LBH
36,VAL,V,CA,60.241,coil,bmr17561_2LBH
36,VAL,V,CA,60.241,coil,bmr17561_2LBH
36,VAL,V,H,8.963,coil,bmr17561_2LBH
36,VAL,V,H,8.963,coil,bmr17561_2LBH
36,VAL,V,HA,4.739,coil,bmr17561_2LBH
36,VAL,V,HA,4.739,coil,bmr17561_2LBH
36,VAL,V,HB,1.801,coil,bmr17561_2LBH
36,VAL,V,HB,1.801,coil,bmr17561_2LBH
36,VAL,V,HG11,0.39,coil,bmr17561_2LBH
36,VAL,V,HG11,0.39,coil,bmr17561_2LBH
36,VAL,V,HG12,0.39,coil,bmr17561_2LBH
36,VAL,V,HG12,0.39,coil,bmr17561_2LBH
36,VAL,V,HG13,0.39,coil,bmr17561_2LBH
36,VAL,V,HG13,0.39,coil,bmr17561_2LBH
36,VAL,V,HG21,0.515,coil,bmr17561_2LBH
36,VAL,V,HG21,0.515,coil,bmr17561_2LBH
36,VAL,V,HG22,0.515,coil,bmr17561_2LBH
36,VAL,V,HG22,0.515,coil,bmr17561_2LBH
36,VAL,V,HG23,0.515,coil,bmr17561_2LBH
36,VAL,V,HG23,0.515,coil,bmr17561_2LBH
36,VAL,V,N,124.365,coil,bmr17561_2LBH
36,VAL,V,N,124.365,coil,bmr17561_2LBH
37,GLY,G,H,9.335,helix,bmr17561_2LBH
37,GLY,G,H,9.453,helix,bmr17561_2LBH
37,GLY,G,HA2,3.935,helix,bmr17561_2LBH
37,GLY,G,HA2,3.935,helix,bmr17561_2LBH
37,GLY,G,HA3,3.792,helix,bmr17561_2LBH
37,GLY,G,HA3,3.792,helix,bmr17561_2LBH
37,GLY,G,N,111.046,helix,bmr17561_2LBH
37,GLY,G,N,111.266,helix,bmr17561_2LBH
38,THR,T,HA,4.496,helix,bmr17561_2LBH
38,THR,T,HA,4.496,helix,bmr17561_2LBH
38,THR,T,HG1,4.988,helix,bmr17561_2LBH
38,THR,T,HG1,4.988,helix,bmr17561_2LBH
39,ALA,A,H,9.122,helix,bmr17561_2LBH
39,ALA,A,H,9.122,helix,bmr17561_2LBH
39,ALA,A,HA,4.0,helix,bmr17561_2LBH
39,ALA,A,HA,4.0,helix,bmr17561_2LBH
39,ALA,A,HB1,1.388,helix,bmr17561_2LBH
39,ALA,A,HB1,1.388,helix,bmr17561_2LBH
39,ALA,A,HB2,1.388,helix,bmr17561_2LBH
39,ALA,A,HB2,1.388,helix,bmr17561_2LBH
39,ALA,A,HB3,1.388,helix,bmr17561_2LBH
39,ALA,A,HB3,1.388,helix,bmr17561_2LBH
39,ALA,A,N,124.085,helix,bmr17561_2LBH
39,ALA,A,N,124.085,helix,bmr17561_2LBH
40,GLU,E,CA,58.996,helix,bmr17561_2LBH
40,GLU,E,CA,58.996,helix,bmr17561_2LBH
40,GLU,E,H,8.545,helix,bmr17561_2LBH
40,GLU,E,H,8.545,helix,bmr17561_2LBH
40,GLU,E,HA,3.852,helix,bmr17561_2LBH
40,GLU,E,HA,3.852,helix,bmr17561_2LBH
40,GLU,E,HB2,2.082,helix,bmr17561_2LBH
40,GLU,E,HB2,2.082,helix,bmr17561_2LBH
40,GLU,E,N,114.678,helix,bmr17561_2LBH
40,GLU,E,N,114.678,helix,bmr17561_2LBH
41,ALA,A,CA,51.115,helix,bmr17561_2LBH
41,ALA,A,CA,51.115,helix,bmr17561_2LBH
41,ALA,A,H,7.48,helix,bmr17561_2LBH
41,ALA,A,H,7.48,helix,bmr17561_2LBH
41,ALA,A,HA,4.325,helix,bmr17561_2LBH
41,ALA,A,HA,4.325,helix,bmr17561_2LBH
41,ALA,A,HB1,1.204,helix,bmr17561_2LBH
41,ALA,A,HB1,1.204,helix,bmr17561_2LBH
41,ALA,A,HB2,1.204,helix,bmr17561_2LBH
41,ALA,A,HB2,1.204,helix,bmr17561_2LBH
41,ALA,A,HB3,1.204,helix,bmr17561_2LBH
41,ALA,A,HB3,1.204,helix,bmr17561_2LBH
41,ALA,A,N,117.857,helix,bmr17561_2LBH
41,ALA,A,N,117.857,helix,bmr17561_2LBH
42,LEU,L,CA,58.279,helix,bmr17561_2LBH
42,LEU,L,CA,58.279,helix,bmr17561_2LBH
42,LEU,L,H,7.37,helix,bmr17561_2LBH
42,LEU,L,H,7.37,helix,bmr17561_2LBH
42,LEU,L,HA,4.124,helix,bmr17561_2LBH
42,LEU,L,HA,4.124,helix,bmr17561_2LBH
42,LEU,L,HB2,1.766,helix,bmr17561_2LBH
42,LEU,L,HB2,1.766,helix,bmr17561_2LBH
42,LEU,L,HB3,1.671,helix,bmr17561_2LBH
42,LEU,L,HB3,1.671,helix,bmr17561_2LBH
42,LEU,L,HD11,0.891,helix,bmr17561_2LBH
42,LEU,L,HD11,0.891,helix,bmr17561_2LBH
42,LEU,L,HD12,0.891,helix,bmr17561_2LBH
42,LEU,L,HD12,0.891,helix,bmr17561_2LBH
42,LEU,L,HD13,0.891,helix,bmr17561_2LBH
42,LEU,L,HD13,0.891,helix,bmr17561_2LBH
42,LEU,L,HD21,0.82,helix,bmr17561_2LBH
42,LEU,L,HD21,0.82,helix,bmr17561_2LBH
42,LEU,L,HD22,0.82,helix,bmr17561_2LBH
42,LEU,L,HD22,0.82,helix,bmr17561_2LBH
42,LEU,L,HD23,0.82,helix,bmr17561_2LBH
42,LEU,L,HD23,0.82,helix,bmr17561_2LBH
42,LEU,L,HG,1.532,helix,bmr17561_2LBH
42,LEU,L,HG,1.532,helix,bmr17561_2LBH
42,LEU,L,N,121.363,helix,bmr17561_2LBH
42,LEU,L,N,121.363,helix,bmr17561_2LBH
43,ARG,R,H,8.195,helix,bmr17561_2LBH
43,ARG,R,H,8.195,helix,bmr17561_2LBH
43,ARG,R,HA,4.389,helix,bmr17561_2LBH
43,ARG,R,HA,4.389,helix,bmr17561_2LBH
43,ARG,R,HB2,1.857,helix,bmr17561_2LBH
43,ARG,R,HB2,1.857,helix,bmr17561_2LBH
43,ARG,R,HB3,1.857,helix,bmr17561_2LBH
43,ARG,R,HG2,1.854,helix,bmr17561_2LBH
43,ARG,R,HG2,1.854,helix,bmr17561_2LBH
43,ARG,R,HG3,1.854,helix,bmr17561_2LBH
43,ARG,R,N,116.955,helix,bmr17561_2LBH
43,ARG,R,N,116.955,helix,bmr17561_2LBH
44,CYS,C,CA,53.835,helix,bmr17561_2LBH
44,CYS,C,CA,53.835,helix,bmr17561_2LBH
44,CYS,C,H,7.849,helix,bmr17561_2LBH
44,CYS,C,H,7.849,helix,bmr17561_2LBH
44,CYS,C,HA,4.654,helix,bmr17561_2LBH
44,CYS,C,HA,4.654,helix,bmr17561_2LBH
44,CYS,C,HB2,3.026,helix,bmr17561_2LBH
44,CYS,C,HB2,3.026,helix,bmr17561_2LBH
44,CYS,C,N,115.418,helix,bmr17561_2LBH
44,CYS,C,N,115.418,helix,bmr17561_2LBH
45,GLN,Q,CA,58.11,helix,bmr17561_2LBH
45,GLN,Q,CA,58.11,helix,bmr17561_2LBH
45,GLN,Q,H,7.707,helix,bmr17561_2LBH
45,GLN,Q,H,7.707,helix,bmr17561_2LBH
45,GLN,Q,HA,4.283,helix,bmr17561_2LBH
45,GLN,Q,HA,4.283,helix,bmr17561_2LBH
45,GLN,Q,HB2,2.475,helix,bmr17561_2LBH
45,GLN,Q,HB2,2.475,helix,bmr17561_2LBH
45,GLN,Q,HB3,2.182,helix,bmr17561_2LBH
45,GLN,Q,HB3,2.182,helix,bmr17561_2LBH
45,GLN,Q,N,121.018,helix,bmr17561_2LBH
45,GLN,Q,N,121.018,helix,bmr17561_2LBH
46,GLU,E,H,8.113,helix,bmr17561_2LBH
46,GLU,E,H,8.113,helix,bmr17561_2LBH
46,GLU,E,HA,4.647,helix,bmr17561_2LBH
46,GLU,E,HA,4.647,helix,bmr17561_2LBH
46,GLU,E,HB2,1.96,helix,bmr17561_2LBH
46,GLU,E,HB2,1.96,helix,bmr17561_2LBH
46,GLU,E,HG2,2.246,helix,bmr17561_2LBH
46,GLU,E,HG2,2.246,helix,bmr17561_2LBH
46,GLU,E,N,119.005,helix,bmr17561_2LBH
46,GLU,E,N,119.005,helix,bmr17561_2LBH
47,GLU,E,H,8.062,coil,bmr17561_2LBH
47,GLU,E,H,8.062,coil,bmr17561_2LBH
47,GLU,E,HA,4.316,coil,bmr17561_2LBH
47,GLU,E,HA,4.316,coil,bmr17561_2LBH
47,GLU,E,HB2,2.062,coil,bmr17561_2LBH
47,GLU,E,HB2,2.062,coil,bmr17561_2LBH
47,GLU,E,HB3,1.881,coil,bmr17561_2LBH
47,GLU,E,HB3,1.881,coil,bmr17561_2LBH
47,GLU,E,HG2,2.392,coil,bmr17561_2LBH
47,GLU,E,HG2,2.392,coil,bmr17561_2LBH
47,GLU,E,N,118.93,coil,bmr17561_2LBH
47,GLU,E,N,118.93,coil,bmr17561_2LBH
48,ASN,N,H,8.082,coil,bmr17561_2LBH
48,ASN,N,H,8.082,coil,bmr17561_2LBH
48,ASN,N,HA,4.591,coil,bmr17561_2LBH
48,ASN,N,HA,4.591,coil,bmr17561_2LBH
48,ASN,N,HB2,2.642,coil,bmr17561_2LBH
48,ASN,N,HB2,2.642,coil,bmr17561_2LBH
48,ASN,N,N,118.062,coil,bmr17561_2LBH
48,ASN,N,N,118.062,coil,bmr17561_2LBH
49,TYR,Y,H,7.924,coil,bmr17561_2LBH
49,TYR,Y,H,7.924,coil,bmr17561_2LBH
49,TYR,Y,HA,4.284,coil,bmr17561_2LBH
49,TYR,Y,HA,4.284,coil,bmr17561_2LBH
49,TYR,Y,HB2,3.065,coil,bmr17561_2LBH
49,TYR,Y,HB2,3.065,coil,bmr17561_2LBH
49,TYR,Y,HB3,2.878,coil,bmr17561_2LBH
49,TYR,Y,HB3,2.878,coil,bmr17561_2LBH
49,TYR,Y,N,118.701,coil,bmr17561_2LBH
49,TYR,Y,N,118.701,coil,bmr17561_2LBH
50,LEU,L,H,8.37,coil,bmr17561_2LBH
50,LEU,L,H,8.37,coil,bmr17561_2LBH
50,LEU,L,HA,4.375,coil,bmr17561_2LBH
50,LEU,L,HA,4.375,coil,bmr17561_2LBH
50,LEU,L,HD11,0.882,coil,bmr17561_2LBH
50,LEU,L,HD11,0.882,coil,bmr17561_2LBH
50,LEU,L,HD12,0.882,coil,bmr17561_2LBH
50,LEU,L,HD12,0.882,coil,bmr17561_2LBH
50,LEU,L,HD13,0.882,coil,bmr17561_2LBH
50,LEU,L,HD13,0.882,coil,bmr17561_2LBH
50,LEU,L,N,124.1,coil,bmr17561_2LBH
50,LEU,L,N,124.1,coil,bmr17561_2LBH
53,PRO,P,CA,62.84,coil,bmr17561_2LBH
53,PRO,P,CA,62.84,coil,bmr17561_2LBH
53,PRO,P,HA,4.392,coil,bmr17561_2LBH
53,PRO,P,HA,4.392,coil,bmr17561_2LBH
54,CYS,C,CA,55.74,coil,bmr17561_2LBH
54,CYS,C,CA,55.74,coil,bmr17561_2LBH
54,CYS,C,H,8.34,coil,bmr17561_2LBH
54,CYS,C,H,8.34,coil,bmr17561_2LBH
54,CYS,C,HA,4.5,coil,bmr17561_2LBH
54,CYS,C,HA,4.5,coil,bmr17561_2LBH
54,CYS,C,HB2,3.912,coil,bmr17561_2LBH
54,CYS,C,HB2,3.912,coil,bmr17561_2LBH
54,CYS,C,HB3,3.792,coil,bmr17561_2LBH
54,CYS,C,HB3,3.792,coil,bmr17561_2LBH
54,CYS,C,N,115.447,coil,bmr17561_2LBH
54,CYS,C,N,115.447,coil,bmr17561_2LBH
55,GLN,Q,H,8.094,coil,bmr17561_2LBH
55,GLN,Q,H,8.114,coil,bmr17561_2LBH
55,GLN,Q,HA,4.401,coil,bmr17561_2LBH
55,GLN,Q,HA,4.401,coil,bmr17561_2LBH
55,GLN,Q,HB2,2.241,coil,bmr17561_2LBH
55,GLN,Q,HB2,2.241,coil,bmr17561_2LBH
55,GLN,Q,HB3,1.95,coil,bmr17561_2LBH
55,GLN,Q,HB3,1.95,coil,bmr17561_2LBH
55,GLN,Q,HG2,2.906,coil,bmr17561_2LBH
55,GLN,Q,HG2,2.906,coil,bmr17561_2LBH
55,GLN,Q,N,119.279,coil,bmr17561_2LBH
55,GLN,Q,N,119.586,coil,bmr17561_2LBH
56,SER,S,CA,58.731,coil,bmr17561_2LBH
56,SER,S,CA,58.731,coil,bmr17561_2LBH
56,SER,S,H,8.206,coil,bmr17561_2LBH
56,SER,S,H,8.206,coil,bmr17561_2LBH
56,SER,S,HA,4.309,coil,bmr17561_2LBH
56,SER,S,HA,4.309,coil,bmr17561_2LBH
56,SER,S,HB2,3.74,coil,bmr17561_2LBH
56,SER,S,HB2,3.74,coil,bmr17561_2LBH
56,SER,S,N,117.341,coil,bmr17561_2LBH
56,SER,S,N,117.341,coil,bmr17561_2LBH
57,GLY,G,H,8.543,coil,bmr17561_2LBH
57,GLY,G,H,8.625,coil,bmr17561_2LBH
57,GLY,G,HA2,3.968,coil,bmr17561_2LBH
57,GLY,G,HA2,3.968,coil,bmr17561_2LBH
57,GLY,G,N,110.549,coil,bmr17561_2LBH
57,GLY,G,N,111.157,coil,bmr17561_2LBH
58,GLN,Q,CA,55.137,coil,bmr17561_2LBH
58,GLN,Q,CA,55.137,coil,bmr17561_2LBH
58,GLN,Q,H,7.901,coil,bmr17561_2LBH
58,GLN,Q,H,7.901,coil,bmr17561_2LBH
58,GLN,Q,HA,4.434,coil,bmr17561_2LBH
58,GLN,Q,HA,4.434,coil,bmr17561_2LBH
58,GLN,Q,HB2,1.963,coil,bmr17561_2LBH
58,GLN,Q,HB2,1.963,coil,bmr17561_2LBH
58,GLN,Q,HG2,2.437,coil,bmr17561_2LBH
58,GLN,Q,HG2,2.437,coil,bmr17561_2LBH
58,GLN,Q,N,118.916,coil,bmr17561_2LBH
58,GLN,Q,N,118.916,coil,bmr17561_2LBH
59,LYS,K,H,8.647,coil,bmr17561_2LBH
59,LYS,K,H,8.742,coil,bmr17561_2LBH
59,LYS,K,N,124.484,coil,bmr17561_2LBH
59,LYS,K,N,124.5,coil,bmr17561_2LBH
60,PRO,P,HA,4.85,strand,bmr17561_2LBH
60,PRO,P,HA,4.85,strand,bmr17561_2LBH
60,PRO,P,HB2,2.323,strand,bmr17561_2LBH
60,PRO,P,HB2,2.323,strand,bmr17561_2LBH
60,PRO,P,HB3,1.946,strand,bmr17561_2LBH
60,PRO,P,HB3,1.946,strand,bmr17561_2LBH
60,PRO,P,HG2,1.764,strand,bmr17561_2LBH
60,PRO,P,HG2,1.764,strand,bmr17561_2LBH
61,CYS,C,H,7.871,strand,bmr17561_2LBH
61,CYS,C,H,7.871,strand,bmr17561_2LBH
61,CYS,C,HA,4.674,strand,bmr17561_2LBH
61,CYS,C,HA,4.674,strand,bmr17561_2LBH
61,CYS,C,HB2,3.067,strand,bmr17561_2LBH
61,CYS,C,HB2,3.067,strand,bmr17561_2LBH
61,CYS,C,N,116.009,strand,bmr17561_2LBH
61,CYS,C,N,116.009,strand,bmr17561_2LBH
62,GLY,G,CA,46.36,coil,bmr17561_2LBH
62,GLY,G,CA,46.36,coil,bmr17561_2LBH
62,GLY,G,H,8.657,coil,bmr17561_2LBH
62,GLY,G,H,8.657,coil,bmr17561_2LBH
62,GLY,G,HA2,3.811,coil,bmr17561_2LBH
62,GLY,G,HA2,3.811,coil,bmr17561_2LBH
62,GLY,G,N,108.67,coil,bmr17561_2LBH
62,GLY,G,N,108.67,coil,bmr17561_2LBH
63,SER,S,H,8.643,coil,bmr17561_2LBH
63,SER,S,H,8.643,coil,bmr17561_2LBH
63,SER,S,HA,4.594,coil,bmr17561_2LBH
63,SER,S,HA,4.594,coil,bmr17561_2LBH
63,SER,S,HB2,3.742,coil,bmr17561_2LBH
63,SER,S,HB2,3.742,coil,bmr17561_2LBH
63,SER,S,N,119.174,coil,bmr17561_2LBH
63,SER,S,N,119.174,coil,bmr17561_2LBH
64,GLY,G,H,8.478,coil,bmr17561_2LBH
64,GLY,G,H,8.478,coil,bmr17561_2LBH
64,GLY,G,HA2,4.102,coil,bmr17561_2LBH
64,GLY,G,HA2,4.102,coil,bmr17561_2LBH
64,GLY,G,HA3,3.891,coil,bmr17561_2LBH
64,GLY,G,HA3,3.891,coil,bmr17561_2LBH
64,GLY,G,N,111.36,coil,bmr17561_2LBH
64,GLY,G,N,111.36,coil,bmr17561_2LBH
65,GLY,G,H,7.806,coil,bmr17561_2LBH
65,GLY,G,H,7.806,coil,bmr17561_2LBH
65,GLY,G,HA2,4.59,coil,bmr17561_2LBH
65,GLY,G,HA2,4.59,coil,bmr17561_2LBH
65,GLY,G,HA3,3.575,coil,bmr17561_2LBH
65,GLY,G,HA3,3.575,coil,bmr17561_2LBH
65,GLY,G,N,107.292,coil,bmr17561_2LBH
65,GLY,G,N,107.292,coil,bmr17561_2LBH
66,ARG,R,H,8.692,strand,bmr17561_2LBH
66,ARG,R,H,8.692,strand,bmr17561_2LBH
66,ARG,R,HA,5.119,strand,bmr17561_2LBH
66,ARG,R,HA,5.119,strand,bmr17561_2LBH
66,ARG,R,HB2,1.767,strand,bmr17561_2LBH
66,ARG,R,HB2,1.767,strand,bmr17561_2LBH
66,ARG,R,HD2,3.074,strand,bmr17561_2LBH
66,ARG,R,HD2,3.074,strand,bmr17561_2LBH
66,ARG,R,HE,7.201,strand,bmr17561_2LBH
66,ARG,R,HE,7.201,strand,bmr17561_2LBH
66,ARG,R,HG2,1.629,strand,bmr17561_2LBH
66,ARG,R,HG2,1.629,strand,bmr17561_2LBH
66,ARG,R,HG3,1.635,strand,bmr17561_2LBH
66,ARG,R,HG3,1.635,strand,bmr17561_2LBH
66,ARG,R,N,118.63,strand,bmr17561_2LBH
66,ARG,R,N,118.63,strand,bmr17561_2LBH
67,CYS,C,CA,54.094,strand,bmr17561_2LBH
67,CYS,C,CA,54.094,strand,bmr17561_2LBH
67,CYS,C,H,9.063,strand,bmr17561_2LBH
67,CYS,C,H,9.063,strand,bmr17561_2LBH
67,CYS,C,HA,5.024,strand,bmr17561_2LBH
67,CYS,C,HA,5.024,strand,bmr17561_2LBH
67,CYS,C,HB2,3.026,strand,bmr17561_2LBH
67,CYS,C,HB2,3.026,strand,bmr17561_2LBH
67,CYS,C,HB3,2.848,strand,bmr17561_2LBH
67,CYS,C,HB3,2.848,strand,bmr17561_2LBH
67,CYS,C,N,122.47,strand,bmr17561_2LBH
67,CYS,C,N,122.47,strand,bmr17561_2LBH
68,ALA,A,H,8.122,strand,bmr17561_2LBH
68,ALA,A,H,8.122,strand,bmr17561_2LBH
68,ALA,A,HB1,0.353,strand,bmr17561_2LBH
68,ALA,A,HB1,0.353,strand,bmr17561_2LBH
68,ALA,A,HB2,0.353,strand,bmr17561_2LBH
68,ALA,A,HB2,0.353,strand,bmr17561_2LBH
68,ALA,A,HB3,0.353,strand,bmr17561_2LBH
68,ALA,A,HB3,0.353,strand,bmr17561_2LBH
68,ALA,A,N,130.546,strand,bmr17561_2LBH
68,ALA,A,N,130.546,strand,bmr17561_2LBH
69,ALA,A,H,7.906,coil,bmr17561_2LBH
69,ALA,A,H,7.906,coil,bmr17561_2LBH
69,ALA,A,HA,4.25,coil,bmr17561_2LBH
69,ALA,A,HA,4.25,coil,bmr17561_2LBH
69,ALA,A,HB1,1.221,coil,bmr17561_2LBH
69,ALA,A,HB1,1.221,coil,bmr17561_2LBH
69,ALA,A,HB2,1.221,coil,bmr17561_2LBH
69,ALA,A,HB2,1.221,coil,bmr17561_2LBH
69,ALA,A,HB3,1.221,coil,bmr17561_2LBH
69,ALA,A,HB3,1.221,coil,bmr17561_2LBH
69,ALA,A,N,115.769,coil,bmr17561_2LBH
69,ALA,A,N,115.769,coil,bmr17561_2LBH
70,ALA,A,CA,54.537,coil,bmr17561_2LBH
70,ALA,A,CA,54.537,coil,bmr17561_2LBH
70,ALA,A,H,8.424,coil,bmr17561_2LBH
70,ALA,A,H,8.424,coil,bmr17561_2LBH
70,ALA,A,HA,4.023,coil,bmr17561_2LBH
70,ALA,A,HA,4.023,coil,bmr17561_2LBH
70,ALA,A,HB1,1.324,coil,bmr17561_2LBH
70,ALA,A,HB1,1.324,coil,bmr17561_2LBH
70,ALA,A,HB2,1.324,coil,bmr17561_2LBH
70,ALA,A,HB2,1.324,coil,bmr17561_2LBH
70,ALA,A,HB3,1.324,coil,bmr17561_2LBH
70,ALA,A,HB3,1.324,coil,bmr17561_2LBH
70,ALA,A,N,123.333,coil,bmr17561_2LBH
70,ALA,A,N,123.333,coil,bmr17561_2LBH
71,GLY,G,CA,46.109,strand,bmr17561_2LBH
71,GLY,G,CA,46.109,strand,bmr17561_2LBH
71,GLY,G,H,7.865,strand,bmr17561_2LBH
71,GLY,G,H,7.865,strand,bmr17561_2LBH
71,GLY,G,HA2,4.047,strand,bmr17561_2LBH
71,GLY,G,HA2,4.047,strand,bmr17561_2LBH
71,GLY,G,HA3,3.591,strand,bmr17561_2LBH
71,GLY,G,HA3,3.591,strand,bmr17561_2LBH
71,GLY,G,N,111.852,strand,bmr17561_2LBH
71,GLY,G,N,111.852,strand,bmr17561_2LBH
72,ILE,I,CA,60.493,strand,bmr17561_2LBH
72,ILE,I,CA,60.493,strand,bmr17561_2LBH
72,ILE,I,H,7.914,strand,bmr17561_2LBH
72,ILE,I,H,7.914,strand,bmr17561_2LBH
72,ILE,I,HA,4.267,strand,bmr17561_2LBH
72,ILE,I,HA,4.267,strand,bmr17561_2LBH
72,ILE,I,HD11,0.515,strand,bmr17561_2LBH
72,ILE,I,HD11,0.515,strand,bmr17561_2LBH
72,ILE,I,HD12,0.515,strand,bmr17561_2LBH
72,ILE,I,HD12,0.515,strand,bmr17561_2LBH
72,ILE,I,HD13,0.515,strand,bmr17561_2LBH
72,ILE,I,HD13,0.515,strand,bmr17561_2LBH
72,ILE,I,HG12,1.289,strand,bmr17561_2LBH
72,ILE,I,HG12,1.289,strand,bmr17561_2LBH
72,ILE,I,N,120.846,strand,bmr17561_2LBH
72,ILE,I,N,120.846,strand,bmr17561_2LBH
73,CYS,C,CA,54.156,strand,bmr17561_2LBH
73,CYS,C,CA,54.156,strand,bmr17561_2LBH
73,CYS,C,H,8.693,strand,bmr17561_2LBH
73,CYS,C,H,8.693,strand,bmr17561_2LBH
73,CYS,C,HA,5.008,strand,bmr17561_2LBH
73,CYS,C,HA,5.008,strand,bmr17561_2LBH
73,CYS,C,HB2,2.931,strand,bmr17561_2LBH
73,CYS,C,HB2,2.931,strand,bmr17561_2LBH
73,CYS,C,HB3,2.195,strand,bmr17561_2LBH
73,CYS,C,HB3,2.195,strand,bmr17561_2LBH
73,CYS,C,N,126.726,strand,bmr17561_2LBH
73,CYS,C,N,126.726,strand,bmr17561_2LBH
74,CYS,C,CA,56.3,strand,bmr17561_2LBH
74,CYS,C,CA,56.3,strand,bmr17561_2LBH
74,CYS,C,H,9.055,strand,bmr17561_2LBH
74,CYS,C,H,9.055,strand,bmr17561_2LBH
74,CYS,C,HA,5.828,strand,bmr17561_2LBH
74,CYS,C,HA,5.828,strand,bmr17561_2LBH
74,CYS,C,HB2,3.076,strand,bmr17561_2LBH
74,CYS,C,HB2,3.076,strand,bmr17561_2LBH
74,CYS,C,HB3,2.39,strand,bmr17561_2LBH
74,CYS,C,HB3,2.39,strand,bmr17561_2LBH
74,CYS,C,N,124.97,strand,bmr17561_2LBH
74,CYS,C,N,124.97,strand,bmr17561_2LBH
76,PRO,P,HA,4.381,helix,bmr17561_2LBH
76,PRO,P,HA,4.381,helix,bmr17561_2LBH
77,ASP,D,CA,51.934,helix,bmr17561_2LBH
77,ASP,D,CA,51.934,helix,bmr17561_2LBH
77,ASP,D,H,7.724,helix,bmr17561_2LBH
77,ASP,D,H,7.724,helix,bmr17561_2LBH
77,ASP,D,HA,4.725,helix,bmr17561_2LBH
77,ASP,D,HA,4.725,helix,bmr17561_2LBH
77,ASP,D,HB2,2.841,helix,bmr17561_2LBH
77,ASP,D,HB2,2.841,helix,bmr17561_2LBH
77,ASP,D,HB3,2.688,helix,bmr17561_2LBH
77,ASP,D,HB3,2.688,helix,bmr17561_2LBH
77,ASP,D,N,109.49,helix,bmr17561_2LBH
77,ASP,D,N,109.49,helix,bmr17561_2LBH
78,GLY,G,CA,46.47,helix,bmr17561_2LBH
78,GLY,G,CA,46.47,helix,bmr17561_2LBH
78,GLY,G,H,7.702,helix,bmr17561_2LBH
78,GLY,G,H,7.702,helix,bmr17561_2LBH
78,GLY,G,HA2,4.47,helix,bmr17561_2LBH
78,GLY,G,HA2,4.47,helix,bmr17561_2LBH
78,GLY,G,HA3,3.788,helix,bmr17561_2LBH
78,GLY,G,HA3,3.788,helix,bmr17561_2LBH
78,GLY,G,N,108.039,helix,bmr17561_2LBH
78,GLY,G,N,108.039,helix,bmr17561_2LBH
79,CYS,C,H,8.109,helix,bmr17561_2LBH
79,CYS,C,H,8.109,helix,bmr17561_2LBH
79,CYS,C,HA,5.807,helix,bmr17561_2LBH
79,CYS,C,HA,5.807,helix,bmr17561_2LBH
79,CYS,C,HB2,2.897,helix,bmr17561_2LBH
79,CYS,C,HB2,2.897,helix,bmr17561_2LBH
79,CYS,C,HB3,2.674,helix,bmr17561_2LBH
79,CYS,C,HB3,2.674,helix,bmr17561_2LBH
79,CYS,C,N,115.752,helix,bmr17561_2LBH
79,CYS,C,N,115.752,helix,bmr17561_2LBH
80,HIS,H,H,9.168,coil,bmr17561_2LBH
80,HIS,H,H,9.168,coil,bmr17561_2LBH
80,HIS,H,HA,5.229,coil,bmr17561_2LBH
80,HIS,H,HA,5.229,coil,bmr17561_2LBH
80,HIS,H,N,116.971,coil,bmr17561_2LBH
80,HIS,H,N,116.971,coil,bmr17561_2LBH
81,GLU,E,CA,53.17,coil,bmr17561_2LBH
81,GLU,E,CA,53.17,coil,bmr17561_2LBH
81,GLU,E,H,8.904,coil,bmr17561_2LBH
81,GLU,E,H,8.904,coil,bmr17561_2LBH
81,GLU,E,HA,4.539,coil,bmr17561_2LBH
81,GLU,E,HA,4.539,coil,bmr17561_2LBH
81,GLU,E,HB2,2.128,coil,bmr17561_2LBH
81,GLU,E,HB2,2.128,coil,bmr17561_2LBH
81,GLU,E,HB3,1.988,coil,bmr17561_2LBH
81,GLU,E,HB3,1.988,coil,bmr17561_2LBH
81,GLU,E,HG2,3.266,coil,bmr17561_2LBH
81,GLU,E,HG2,3.266,coil,bmr17561_2LBH
81,GLU,E,HG3,3.138,coil,bmr17561_2LBH
81,GLU,E,HG3,3.138,coil,bmr17561_2LBH
81,GLU,E,N,123.037,coil,bmr17561_2LBH
81,GLU,E,N,123.037,coil,bmr17561_2LBH
82,ASP,D,CA,50.917,coil,bmr17561_2LBH
82,ASP,D,CA,50.917,coil,bmr17561_2LBH
82,ASP,D,H,8.449,coil,bmr17561_2LBH
82,ASP,D,H,8.449,coil,bmr17561_2LBH
82,ASP,D,HA,5.002,coil,bmr17561_2LBH
82,ASP,D,HA,5.002,coil,bmr17561_2LBH
82,ASP,D,HB2,2.542,coil,bmr17561_2LBH
82,ASP,D,HB2,2.542,coil,bmr17561_2LBH
82,ASP,D,HB3,2.31,coil,bmr17561_2LBH
82,ASP,D,HB3,2.31,coil,bmr17561_2LBH
82,ASP,D,N,122.374,coil,bmr17561_2LBH
82,ASP,D,N,122.374,coil,bmr17561_2LBH
83,PRO,P,CA,63.51,coil,bmr17561_2LBH
83,PRO,P,CA,63.51,coil,bmr17561_2LBH
83,PRO,P,HA,4.366,coil,bmr17561_2LBH
83,PRO,P,HA,4.366,coil,bmr17561_2LBH
83,PRO,P,HB2,2.036,coil,bmr17561_2LBH
83,PRO,P,HB2,2.036,coil,bmr17561_2LBH
83,PRO,P,HB3,2.37,coil,bmr17561_2LBH
83,PRO,P,HB3,2.37,coil,bmr17561_2LBH
84,ALA,A,H,8.375,coil,bmr17561_2LBH
84,ALA,A,H,8.375,coil,bmr17561_2LBH
84,ALA,A,HA,4.202,coil,bmr17561_2LBH
84,ALA,A,HA,4.202,coil,bmr17561_2LBH
84,ALA,A,HB1,1.355,coil,bmr17561_2LBH
84,ALA,A,HB1,1.355,coil,bmr17561_2LBH
84,ALA,A,HB2,1.355,coil,bmr17561_2LBH
84,ALA,A,HB2,1.355,coil,bmr17561_2LBH
84,ALA,A,HB3,1.355,coil,bmr17561_2LBH
84,ALA,A,HB3,1.355,coil,bmr17561_2LBH
84,ALA,A,N,121.488,coil,bmr17561_2LBH
84,ALA,A,N,121.488,coil,bmr17561_2LBH
85,CYS,C,CA,51.59,coil,bmr17561_2LBH
85,CYS,C,CA,51.59,coil,bmr17561_2LBH
85,CYS,C,H,7.908,coil,bmr17561_2LBH
85,CYS,C,H,7.908,coil,bmr17561_2LBH
85,CYS,C,HA,4.999,coil,bmr17561_2LBH
85,CYS,C,HA,4.999,coil,bmr17561_2LBH
85,CYS,C,HB2,3.472,coil,bmr17561_2LBH
85,CYS,C,HB2,3.472,coil,bmr17561_2LBH
85,CYS,C,HB3,2.453,coil,bmr17561_2LBH
85,CYS,C,HB3,2.453,coil,bmr17561_2LBH
85,CYS,C,N,112.382,coil,bmr17561_2LBH
85,CYS,C,N,112.382,coil,bmr17561_2LBH
86,ASP,D,H,8.065,unknown,bmr17561_2LBH
86,ASP,D,H,8.065,unknown,bmr17561_2LBH
86,ASP,D,HA,4.797,unknown,bmr17561_2LBH
86,ASP,D,HA,4.797,unknown,bmr17561_2LBH
86,ASP,D,HB2,2.974,unknown,bmr17561_2LBH
86,ASP,D,HB2,2.974,unknown,bmr17561_2LBH
86,ASP,D,HB3,2.928,unknown,bmr17561_2LBH
86,ASP,D,HB3,2.928,unknown,bmr17561_2LBH
86,ASP,D,N,125.174,unknown,bmr17561_2LBH
86,ASP,D,N,125.174,unknown,bmr17561_2LBH
87,PRO,P,HA,4.398,unknown,bmr17561_2LBH
87,PRO,P,HA,4.398,unknown,bmr17561_2LBH
88,GLU,E,CA,56.19,unknown,bmr17561_2LBH
88,GLU,E,CA,56.19,unknown,bmr17561_2LBH
88,GLU,E,H,8.359,unknown,bmr17561_2LBH
88,GLU,E,H,8.359,unknown,bmr17561_2LBH
88,GLU,E,HA,4.129,unknown,bmr17561_2LBH
88,GLU,E,HA,4.129,unknown,bmr17561_2LBH
88,GLU,E,HB2,2.048,unknown,bmr17561_2LBH
88,GLU,E,HB2,2.048,unknown,bmr17561_2LBH
88,GLU,E,HB3,1.949,unknown,bmr17561_2LBH
88,GLU,E,HB3,1.949,unknown,bmr17561_2LBH
88,GLU,E,HG2,2.442,unknown,bmr17561_2LBH
88,GLU,E,HG2,2.442,unknown,bmr17561_2LBH
88,GLU,E,HG3,2.29,unknown,bmr17561_2LBH
88,GLU,E,HG3,2.29,unknown,bmr17561_2LBH
88,GLU,E,N,119.924,unknown,bmr17561_2LBH
88,GLU,E,N,119.924,unknown,bmr17561_2LBH
89,ALA,A,H,8.118,unknown,bmr17561_2LBH
89,ALA,A,H,8.118,unknown,bmr17561_2LBH
89,ALA,A,HA,4.186,unknown,bmr17561_2LBH
89,ALA,A,HA,4.186,unknown,bmr17561_2LBH
89,ALA,A,HB1,1.322,unknown,bmr17561_2LBH
89,ALA,A,HB1,1.322,unknown,bmr17561_2LBH
89,ALA,A,HB2,1.322,unknown,bmr17561_2LBH
89,ALA,A,HB2,1.322,unknown,bmr17561_2LBH
89,ALA,A,HB3,1.322,unknown,bmr17561_2LBH
89,ALA,A,HB3,1.322,unknown,bmr17561_2LBH
89,ALA,A,N,123.437,unknown,bmr17561_2LBH
89,ALA,A,N,123.437,unknown,bmr17561_2LBH
90,ALA,A,H,8.045,unknown,bmr17561_2LBH
90,ALA,A,H,8.045,unknown,bmr17561_2LBH
90,ALA,A,HA,4.215,unknown,bmr17561_2LBH
90,ALA,A,HA,4.215,unknown,bmr17561_2LBH
90,ALA,A,HB1,1.317,unknown,bmr17561_2LBH
90,ALA,A,HB1,1.317,unknown,bmr17561_2LBH
90,ALA,A,HB2,1.317,unknown,bmr17561_2LBH
90,ALA,A,HB2,1.317,unknown,bmr17561_2LBH
90,ALA,A,HB3,1.317,unknown,bmr17561_2LBH
90,ALA,A,HB3,1.317,unknown,bmr17561_2LBH
90,ALA,A,N,121.662,unknown,bmr17561_2LBH
90,ALA,A,N,121.662,unknown,bmr17561_2LBH
91,PHE,F,CA,56.84,unknown,bmr17561_2LBH
91,PHE,F,CA,56.84,unknown,bmr17561_2LBH
91,PHE,F,H,7.769,unknown,bmr17561_2LBH
91,PHE,F,H,7.769,unknown,bmr17561_2LBH
91,PHE,F,HA,4.746,unknown,bmr17561_2LBH
91,PHE,F,HA,4.746,unknown,bmr17561_2LBH
91,PHE,F,HB2,3.023,unknown,bmr17561_2LBH
91,PHE,F,HB2,3.023,unknown,bmr17561_2LBH
91,PHE,F,N,117.228,unknown,bmr17561_2LBH
91,PHE,F,N,117.228,unknown,bmr17561_2LBH
92,SER,S,H,7.92,unknown,bmr17561_2LBH
92,SER,S,H,7.92,unknown,bmr17561_2LBH
92,SER,S,HB2,3.856,unknown,bmr17561_2LBH
92,SER,S,HB2,3.856,unknown,bmr17561_2LBH
92,SER,S,HB3,3.788,unknown,bmr17561_2LBH
92,SER,S,HB3,3.788,unknown,bmr17561_2LBH
92,SER,S,N,118.919,unknown,bmr17561_2LBH
92,SER,S,N,118.919,unknown,bmr17561_2LBH
