seq_id,residue_name,residue,atom,shift,ss_class
1,ALA,A,C,176.3,coil
1,ALA,A,CA,51.14,coil
1,ALA,A,CB,19.58,coil
1,ALA,A,N,39.5,coil
2,GLN,Q,C,179.91,coil
2,GLN,Q,CA,59.82,coil
2,GLN,Q,CB,29.94,coil
2,GLN,Q,CD,177.13,coil
2,GLN,Q,CG,31.47,coil
2,GLN,Q,N,121.57,coil
3,TYR,Y,C,175.68,coil
3,TYR,Y,CA,58.36,coil
3,TYR,Y,CB,40.88,coil
3,TYR,Y,N,122.01,coil
4,GLU,E,C,174.46,coil
4,GLU,E,CA,55.05,coil
4,GLU,E,CB,33.78,coil
4,GLU,E,CG,36.94,coil
4,GLU,E,N,122.78,coil
5,ASP,D,C,177.33,coil
5,ASP,D,CA,55.27,coil
5,ASP,D,CB,41.15,coil
5,ASP,D,CG,179.82,coil
5,ASP,D,N,125.9,coil
6,GLY,G,C,173.43,coil
6,GLY,G,CA,45.03,coil
6,GLY,G,N,117.03,coil
7,LYS,K,C,175.55,coil
7,LYS,K,CA,57.14,coil
7,LYS,K,CB,32.15,coil
7,LYS,K,CG,25.39,coil
7,LYS,K,N,122.19,coil
8,GLN,Q,C,174.2,strand
8,GLN,Q,CA,59.45,strand
8,GLN,Q,CB,27.21,strand
8,GLN,Q,CD,179.66,strand
8,GLN,Q,CG,34.25,strand
8,GLN,Q,N,115.42,strand
9,TYR,Y,C,172.25,strand
9,TYR,Y,CA,55.17,strand
9,TYR,Y,CB,41.29,strand
9,TYR,Y,CD1,132.72,strand
9,TYR,Y,CD2,132.4,strand
9,TYR,Y,CE1,117.09,strand
9,TYR,Y,CG,128.34,strand
9,TYR,Y,CZ,158.05,strand
9,TYR,Y,N,111.81,strand
10,THR,T,C,174.52,strand
10,THR,T,CA,60.38,strand
10,THR,T,CB,71.62,strand
10,THR,T,CG2,22.2,strand
10,THR,T,N,111.79,strand
11,THR,T,C,175.43,strand
11,THR,T,CA,62.87,strand
11,THR,T,CB,69.72,strand
11,THR,T,CG2,21.7,strand
11,THR,T,N,120.97,strand
12,LEU,L,C,177.51,strand
12,LEU,L,CA,55.93,strand
12,LEU,L,CB,41.64,strand
12,LEU,L,CD1,24.7,strand
12,LEU,L,CG,28.71,strand
12,LEU,L,N,129.27,strand
13,GLU,E,C,176.79,coil
13,GLU,E,CA,58.58,coil
13,GLU,E,CB,29.93,coil
13,GLU,E,CG,32.48,coil
13,GLU,E,N,123.38,coil
14,LYS,K,C,172.52,coil
14,LYS,K,CA,52.36,coil
14,LYS,K,CB,32.81,coil
14,LYS,K,CG,24.52,coil
14,LYS,K,N,117.78,coil
15,PRO,P,C,176.49,coil
15,PRO,P,CA,62.58,coil
15,PRO,P,CB,32.73,coil
15,PRO,P,CD,50.87,coil
15,PRO,P,CG,27.27,coil
15,PRO,P,N,135.71,coil
16,VAL,V,C,176.1,coil
16,VAL,V,CA,61.52,coil
16,VAL,V,CB,32.79,coil
16,VAL,V,CG1,21.64,coil
16,VAL,V,CG2,21.61,coil
16,VAL,V,N,123.52,coil
17,ALA,A,C,179.03,coil
17,ALA,A,CA,52.6,coil
17,ALA,A,CB,18.85,coil
17,ALA,A,N,132.39,coil
18,GLY,G,C,174.12,coil
18,GLY,G,CA,45.84,coil
18,GLY,G,N,110.95,coil
19,ALA,A,C,175.22,coil
19,ALA,A,CA,50.53,coil
19,ALA,A,CB,17.29,coil
19,ALA,A,N,122.32,coil
20,PRO,P,C,175.84,coil
20,PRO,P,CA,62.55,coil
20,PRO,P,CB,31.69,coil
20,PRO,P,CD,50.25,coil
20,PRO,P,CG,27.79,coil
20,PRO,P,N,134.28,coil
21,GLN,Q,C,176.89,strand
21,GLN,Q,CA,60.14,strand
21,GLN,Q,CB,29.81,strand
21,GLN,Q,CG,32.32,strand
21,GLN,Q,N,121.73,strand
22,VAL,V,C,172.99,strand
22,VAL,V,CA,62.79,strand
22,VAL,V,CB,33.97,strand
22,VAL,V,CG1,22.87,strand
22,VAL,V,CG2,21.37,strand
22,VAL,V,N,116.08,strand
23,LEU,L,C,173.43,strand
23,LEU,L,CA,52.81,strand
23,LEU,L,CB,46.12,strand
23,LEU,L,CG,26.7,strand
23,LEU,L,N,128.94,strand
24,GLU,E,CA,53.83,strand
24,GLU,E,N,127.93,strand
25,PHE,F,C,175.7,strand
25,PHE,F,CA,56.3,strand
25,PHE,F,CG,139.84,strand
25,PHE,F,CZ,129.95,strand
25,PHE,F,N,121.22,strand
26,PHE,F,C,170.73,strand
26,PHE,F,CA,55.0,strand
26,PHE,F,CB,43.73,strand
26,PHE,F,CD1,131.35,strand
26,PHE,F,CD2,131.35,strand
26,PHE,F,CE1,130.8,strand
26,PHE,F,CE2,130.8,strand
26,PHE,F,CG,136.39,strand
26,PHE,F,CZ,129.39,strand
26,PHE,F,N,119.85,strand
27,SER,S,C,177.36,strand
27,SER,S,CA,54.82,strand
27,SER,S,CB,64.57,strand
27,SER,S,N,108.93,strand
28,PHE,F,C,176.49,strand
28,PHE,F,CA,63.05,strand
28,PHE,F,CB,38.51,strand
28,PHE,F,CD1,132.22,strand
28,PHE,F,CD2,132.22,strand
28,PHE,F,CG,139.34,strand
28,PHE,F,N,131.75,strand
29,PHE,F,C,175.66,coil
29,PHE,F,CA,59.52,coil
29,PHE,F,CB,39.76,coil
29,PHE,F,CD1,131.15,coil
29,PHE,F,CD2,131.15,coil
29,PHE,F,CG,139.91,coil
29,PHE,F,N,115.95,coil
30,CYS,C,C,174.29,helix
30,CYS,C,CA,52.71,helix
30,CYS,C,CB,46.32,helix
30,CYS,C,N,120.39,helix
31,PRO,P,CA,66.31,helix
31,PRO,P,CB,32.72,helix
31,PRO,P,CD,52.48,helix
31,PRO,P,CG,27.92,helix
31,PRO,P,N,153.66,helix
32,HIS,H,C,177.84,helix
32,HIS,H,CA,58.81,helix
32,HIS,H,CB,29.57,helix
32,HIS,H,N,120.1,helix
33,CYS,C,C,175.58,helix
33,CYS,C,CA,63.28,helix
33,CYS,C,CB,33.68,helix
33,CYS,C,N,116.97,helix
34,TYR,Y,C,177.59,helix
34,TYR,Y,CA,58.67,helix
34,TYR,Y,CD1,133.75,helix
34,TYR,Y,CG,127.65,helix
34,TYR,Y,N,123.71,helix
35,GLN,Q,C,179.01,helix
35,GLN,Q,CA,58.9,helix
35,GLN,Q,N,118.1,helix
36,PHE,F,C,176.45,helix
36,PHE,F,CA,60.16,helix
36,PHE,F,CB,38.59,helix
36,PHE,F,N,121.17,helix
37,GLU,E,C,177.81,helix
37,GLU,E,CA,58.55,helix
37,GLU,E,CB,30.92,helix
37,GLU,E,CG,34.75,helix
37,GLU,E,N,116.08,helix
38,GLU,E,C,176.72,coil
38,GLU,E,CA,58.79,coil
38,GLU,E,CB,30.82,coil
38,GLU,E,CG,34.93,coil
38,GLU,E,N,112.8,coil
39,VAL,V,C,176.85,coil
39,VAL,V,CA,63.96,coil
39,VAL,V,CB,32.68,coil
39,VAL,V,CG1,22.7,coil
39,VAL,V,CG2,20.93,coil
39,VAL,V,N,116.56,coil
40,LEU,L,C,176.29,coil
40,LEU,L,CA,55.24,coil
40,LEU,L,CB,42.05,coil
40,LEU,L,CD1,26.02,coil
40,LEU,L,CD2,26.02,coil
40,LEU,L,CG,27.19,coil
40,LEU,L,N,115.01,coil
41,HIS,H,C,176.71,helix
41,HIS,H,CA,55.78,helix
41,HIS,H,CB,25.58,helix
41,HIS,H,CG,131.22,helix
41,HIS,H,N,112.04,helix
42,ILE,I,CA,65.13,helix
42,ILE,I,CB,35.67,helix
42,ILE,I,CD1,9.9,helix
42,ILE,I,CG1,27.12,helix
42,ILE,I,CG2,16.8,helix
42,ILE,I,N,120.46,helix
43,SER,S,C,176.46,helix
43,SER,S,CA,57.54,helix
43,SER,S,CB,61.41,helix
44,ASP,D,C,177.94,helix
44,ASP,D,CA,57.49,helix
44,ASP,D,CB,40.31,helix
44,ASP,D,N,120.79,helix
45,ASN,N,C,178.35,helix
45,ASN,N,CA,56.93,helix
45,ASN,N,CB,40.08,helix
46,VAL,V,C,178.09,helix
46,VAL,V,CA,66.78,helix
46,VAL,V,CB,31.94,helix
46,VAL,V,CG1,24.29,helix
46,VAL,V,CG2,22.49,helix
46,VAL,V,N,120.29,helix
47,LYS,K,C,179.25,helix
47,LYS,K,CA,60.22,helix
47,LYS,K,CB,32.61,helix
47,LYS,K,CG,25.33,helix
47,LYS,K,N,119.81,helix
48,LYS,K,C,177.6,helix
48,LYS,K,CA,58.63,helix
48,LYS,K,CB,33.05,helix
48,LYS,K,N,115.09,helix
49,LYS,K,CA,55.74,helix
49,LYS,K,N,116.81,helix
50,LEU,L,C,174.4,helix
50,LEU,L,CA,53.03,helix
50,LEU,L,CB,41.37,helix
50,LEU,L,CG,25.85,helix
50,LEU,L,N,120.56,helix
53,GLY,G,C,174.13,strand
53,GLY,G,CA,45.55,strand
53,GLY,G,N,110.92,strand
54,VAL,V,C,174.41,strand
54,VAL,V,CA,62.55,strand
54,VAL,V,CB,31.84,strand
54,VAL,V,CG1,22.27,strand
54,VAL,V,CG2,21.72,strand
54,VAL,V,N,121.69,strand
56,MET,M,C,175.49,strand
56,MET,M,CA,55.01,strand
56,MET,M,CB,34.36,strand
57,THR,T,C,171.9,strand
57,THR,T,CA,62.9,strand
57,THR,T,CB,70.31,strand
57,THR,T,CG2,22.6,strand
57,THR,T,N,123.01,strand
58,LYS,K,CA,55.06,strand
59,TYR,Y,C,173.17,coil
59,TYR,Y,CA,52.08,coil
59,TYR,Y,CB,40.96,coil
59,TYR,Y,CD1,130.84,coil
59,TYR,Y,CD2,131.73,coil
59,TYR,Y,CG,129.88,coil
59,TYR,Y,N,124.54,coil
60,HIS,H,C,174.88,coil
60,HIS,H,CA,56.2,coil
60,HIS,H,CB,30.65,coil
60,HIS,H,CE1,139.01,coil
60,HIS,H,CG,128.14,coil
60,HIS,H,N,123.5,coil
61,VAL,V,C,175.59,coil
61,VAL,V,CA,57.86,coil
61,VAL,V,CB,34.33,coil
61,VAL,V,CG1,21.71,coil
61,VAL,V,CG2,17.42,coil
61,VAL,V,N,111.47,coil
63,PHE,F,CA,58.02,helix
63,PHE,F,N,111.08,helix
64,MET,M,C,177.46,helix
64,MET,M,CA,54.35,helix
65,GLY,G,C,175.5,helix
65,GLY,G,CA,47.46,helix
65,GLY,G,N,111.3,helix
66,GLY,G,C,176.93,helix
66,GLY,G,CA,45.58,helix
66,GLY,G,N,109.22,helix
67,ASP,D,C,177.91,helix
67,ASP,D,CA,57.67,helix
67,ASP,D,CB,39.86,helix
67,ASP,D,CG,176.74,helix
67,ASP,D,N,128.19,helix
68,LEU,L,C,179.24,helix
68,LEU,L,CA,57.0,helix
68,LEU,L,CB,42.19,helix
68,LEU,L,CG,27.27,helix
68,LEU,L,N,120.45,helix
69,GLY,G,C,176.41,helix
69,GLY,G,CA,48.25,helix
69,GLY,G,N,107.15,helix
70,LYS,K,CA,59.83,helix
70,LYS,K,CB,31.84,helix
70,LYS,K,N,121.49,helix
72,LEU,L,C,178.05,helix
72,LEU,L,CA,57.67,helix
72,LEU,L,CB,42.68,helix
72,LEU,L,CG,28.31,helix
73,THR,T,C,176.63,helix
73,THR,T,CA,66.96,helix
73,THR,T,CB,68.59,helix
73,THR,T,CG2,22.11,helix
73,THR,T,N,119.73,helix
74,GLN,Q,C,177.54,helix
74,GLN,Q,CA,59.58,helix
74,GLN,Q,CB,25.99,helix
74,GLN,Q,CD,177.45,helix
74,GLN,Q,CG,31.03,helix
74,GLN,Q,N,125.36,helix
74,GLN,Q,NE2,108.38,helix
75,ALA,A,C,179.81,helix
75,ALA,A,CA,54.91,helix
75,ALA,A,CB,20.12,helix
75,ALA,A,N,123.41,helix
76,TRP,W,C,177.76,helix
76,TRP,W,CA,59.12,helix
76,TRP,W,CB,29.71,helix
76,TRP,W,CD1,127.99,helix
76,TRP,W,CD2,129.38,helix
76,TRP,W,CE2,139.98,helix
76,TRP,W,CE3,121.71,helix
76,TRP,W,CG,111.25,helix
76,TRP,W,N,120.62,helix
76,TRP,W,NE1,128.84,helix
77,ALA,A,C,179.01,helix
77,ALA,A,CA,55.29,helix
77,ALA,A,CB,20.28,helix
77,ALA,A,N,120.17,helix
78,VAL,V,C,177.27,coil
78,VAL,V,CA,67.3,coil
78,VAL,V,CB,30.31,coil
78,VAL,V,CG1,23.66,coil
78,VAL,V,CG2,22.35,coil
78,VAL,V,N,119.79,coil
79,ALA,A,C,179.84,helix
79,ALA,A,CA,55.09,helix
79,ALA,A,CB,17.77,helix
79,ALA,A,N,121.08,helix
80,MET,M,C,179.41,helix
80,MET,M,CA,58.61,helix
80,MET,M,CB,34.53,helix
80,MET,M,CG,30.95,helix
80,MET,M,N,115.95,helix
81,ALA,A,C,180.15,helix
81,ALA,A,CA,54.8,helix
81,ALA,A,CB,18.12,helix
81,ALA,A,N,123.8,helix
82,LEU,L,C,177.5,helix
82,LEU,L,CA,54.63,helix
82,LEU,L,CB,43.19,helix
82,LEU,L,CD1,21.96,helix
82,LEU,L,CD2,21.96,helix
82,LEU,L,CG,26.97,helix
82,LEU,L,N,113.52,helix
83,GLY,G,C,176.89,helix
83,GLY,G,CA,47.39,helix
83,GLY,G,N,111.39,helix
84,VAL,V,C,176.82,helix
84,VAL,V,CA,59.42,helix
84,VAL,V,CB,31.65,helix
84,VAL,V,CG1,20.46,helix
84,VAL,V,CG2,19.22,helix
84,VAL,V,N,108.82,helix
85,GLU,E,C,179.65,helix
85,GLU,E,CA,61.96,helix
85,GLU,E,CB,29.43,helix
85,GLU,E,CD,184.07,helix
85,GLU,E,CG,36.47,helix
85,GLU,E,N,126.74,helix
86,ASP,D,C,177.32,helix
86,ASP,D,CA,55.95,helix
86,ASP,D,CB,39.83,helix
86,ASP,D,CG,179.93,helix
86,ASP,D,N,116.35,helix
87,LYS,K,C,178.02,helix
87,LYS,K,CA,57.3,helix
87,LYS,K,CB,34.27,helix
87,LYS,K,CD,29.44,helix
87,LYS,K,CE,39.81,helix
87,LYS,K,CG,25.32,helix
87,LYS,K,N,117.2,helix
88,VAL,V,C,176.12,helix
88,VAL,V,CA,60.93,helix
88,VAL,V,CB,32.93,helix
88,VAL,V,CG1,19.48,helix
88,VAL,V,CG2,17.61,helix
88,VAL,V,N,104.04,helix
89,THR,T,C,175.17,helix
89,THR,T,CA,69.28,helix
89,THR,T,CB,69.76,helix
89,THR,T,CG2,21.27,helix
89,THR,T,N,120.85,helix
90,VAL,V,C,175.97,helix
90,VAL,V,CA,69.41,helix
90,VAL,V,CB,28.88,helix
90,VAL,V,CG1,24.36,helix
90,VAL,V,CG2,21.46,helix
90,VAL,V,N,120.28,helix
91,PRO,P,C,181.1,helix
91,PRO,P,CA,65.92,helix
91,PRO,P,CB,31.63,helix
91,PRO,P,CD,49.09,helix
91,PRO,P,CG,27.82,helix
91,PRO,P,N,133.86,helix
92,LEU,L,C,177.88,helix
92,LEU,L,CA,58.08,helix
92,LEU,L,CB,40.1,helix
92,LEU,L,CD1,22.93,helix
92,LEU,L,CD2,22.93,helix
92,LEU,L,CG,27.0,helix
92,LEU,L,N,120.18,helix
93,PHE,F,C,180.06,helix
93,PHE,F,CA,63.99,helix
93,PHE,F,CB,39.52,helix
93,PHE,F,CD1,132.13,helix
93,PHE,F,CD2,132.13,helix
93,PHE,F,CG,141.57,helix
93,PHE,F,N,120.05,helix
94,GLU,E,C,180.4,helix
94,GLU,E,CA,59.42,helix
94,GLU,E,CB,29.63,helix
94,GLU,E,CG,40.0,helix
94,GLU,E,N,116.17,helix
95,GLY,G,C,175.82,coil
95,GLY,G,CA,46.68,coil
95,GLY,G,N,108.3,coil
96,VAL,V,C,178.19,coil
96,VAL,V,CA,66.46,coil
96,VAL,V,CB,32.19,coil
96,VAL,V,CG1,23.61,coil
96,VAL,V,CG2,21.84,coil
96,VAL,V,N,119.71,coil
98,LYS,K,C,177.28,helix
98,LYS,K,CA,57.81,helix
98,LYS,K,CB,34.43,helix
99,THR,T,C,175.6,helix
99,THR,T,CA,62.21,helix
99,THR,T,CB,68.62,helix
99,THR,T,CG2,22.23,helix
99,THR,T,N,107.44,helix
100,GLN,Q,C,175.36,helix
100,GLN,Q,CA,57.33,helix
100,GLN,Q,CB,25.56,helix
100,GLN,Q,CG,34.39,helix
100,GLN,Q,N,114.75,helix
101,THR,T,C,175.33,helix
101,THR,T,CA,60.88,helix
101,THR,T,CB,68.78,helix
101,THR,T,CG2,22.89,helix
101,THR,T,N,106.06,helix
102,ILE,I,C,174.01,helix
102,ILE,I,CA,60.84,helix
102,ILE,I,CB,37.01,helix
102,ILE,I,CD1,14.81,helix
102,ILE,I,CG1,27.19,helix
102,ILE,I,CG2,17.46,helix
102,ILE,I,N,121.05,helix
103,ARG,R,C,175.36,helix
103,ARG,R,CA,55.28,helix
103,ARG,R,CB,32.71,helix
103,ARG,R,CD,40.93,helix
103,ARG,R,CG,27.18,helix
103,ARG,R,N,126.0,helix
104,SER,S,C,174.53,helix
104,SER,S,CA,56.8,helix
104,SER,S,CB,67.28,helix
104,SER,S,N,115.11,helix
105,ALA,A,C,180.84,helix
105,ALA,A,CA,55.3,helix
105,ALA,A,CB,16.94,helix
105,ALA,A,N,123.73,helix
106,SER,S,C,176.34,helix
106,SER,S,CA,61.55,helix
106,SER,S,CB,62.26,helix
106,SER,S,N,116.14,helix
107,ASP,D,C,179.12,helix
107,ASP,D,CA,57.01,helix
107,ASP,D,CB,42.51,helix
107,ASP,D,N,120.34,helix
108,ILE,I,C,176.99,helix
108,ILE,I,CA,65.77,helix
108,ILE,I,CB,38.28,helix
108,ILE,I,CD1,15.3,helix
108,ILE,I,CG1,28.97,helix
108,ILE,I,CG2,18.42,helix
108,ILE,I,N,120.13,helix
109,ARG,R,C,177.64,helix
109,ARG,R,CA,59.19,helix
109,ARG,R,CB,29.97,helix
109,ARG,R,CD,43.27,helix
109,ARG,R,CZ,159.73,helix
109,ARG,R,N,121.05,helix
110,ASP,D,C,179.32,coil
110,ASP,D,CA,57.59,coil
110,ASP,D,CB,40.17,coil
110,ASP,D,CG,180.0,coil
110,ASP,D,N,116.51,coil
111,VAL,V,C,179.27,coil
111,VAL,V,CA,66.43,coil
111,VAL,V,CB,30.89,coil
111,VAL,V,CG1,23.6,coil
111,VAL,V,CG2,21.71,coil
111,VAL,V,N,120.27,coil
112,PHE,F,C,177.81,helix
112,PHE,F,CA,62.05,helix
112,PHE,F,CB,38.1,helix
112,PHE,F,CG,142.33,helix
112,PHE,F,N,120.54,helix
113,ILE,I,C,182.26,helix
113,ILE,I,CA,63.66,helix
113,ILE,I,CB,37.94,helix
113,ILE,I,CD1,13.74,helix
113,ILE,I,CG1,28.3,helix
113,ILE,I,CG2,17.12,helix
113,ILE,I,N,122.05,helix
114,ASN,N,C,176.24,helix
114,ASN,N,CA,55.61,helix
114,ASN,N,CB,38.17,helix
114,ASN,N,CG,176.66,helix
114,ASN,N,N,120.41,helix
115,ALA,A,C,177.04,helix
115,ALA,A,CA,51.92,helix
115,ALA,A,CB,18.9,helix
115,ALA,A,N,120.93,helix
116,GLY,G,C,173.9,helix
116,GLY,G,CA,45.26,helix
116,GLY,G,N,105.75,helix
117,ILE,I,C,175.25,helix
117,ILE,I,CA,61.03,helix
117,ILE,I,CB,37.63,helix
117,ILE,I,CD1,14.67,helix
117,ILE,I,CG1,25.83,helix
117,ILE,I,CG2,20.6,helix
117,ILE,I,N,125.36,helix
118,LYS,K,C,179.24,helix
118,LYS,K,CA,56.86,helix
118,LYS,K,CB,32.64,helix
118,LYS,K,CG,25.6,helix
118,LYS,K,N,125.85,helix
119,GLY,G,C,175.09,helix
119,GLY,G,CA,48.32,helix
119,GLY,G,N,113.61,helix
120,GLU,E,C,180.12,helix
120,GLU,E,CA,59.54,helix
120,GLU,E,CB,28.63,helix
120,GLU,E,N,117.26,helix
121,GLU,E,C,179.38,helix
121,GLU,E,CA,58.3,helix
121,GLU,E,CB,29.67,helix
121,GLU,E,N,120.94,helix
122,TYR,Y,C,177.01,helix
122,TYR,Y,CA,62.87,helix
122,TYR,Y,CB,38.02,helix
122,TYR,Y,CE1,117.64,helix
122,TYR,Y,CE2,115.79,helix
122,TYR,Y,CG,127.05,helix
122,TYR,Y,N,122.68,helix
123,ASP,D,C,178.7,helix
123,ASP,D,CA,57.4,helix
123,ASP,D,CB,39.79,helix
123,ASP,D,CG,180.06,helix
123,ASP,D,N,119.04,helix
124,ALA,A,CA,54.64,helix
124,ALA,A,CB,18.14,helix
124,ALA,A,N,121.03,helix
125,ALA,A,C,181.09,helix
125,ALA,A,CA,55.06,helix
125,ALA,A,CB,18.47,helix
125,ALA,A,N,119.62,helix
126,TRP,W,C,176.01,helix
126,TRP,W,CA,61.52,helix
126,TRP,W,CB,29.12,helix
126,TRP,W,CD1,127.66,helix
126,TRP,W,CD2,128.62,helix
126,TRP,W,CE2,138.76,helix
126,TRP,W,CE3,122.73,helix
126,TRP,W,CG,109.51,helix
126,TRP,W,N,121.89,helix
126,TRP,W,NE1,130.95,helix
127,ASN,N,C,174.72,helix
127,ASN,N,CA,53.44,helix
127,ASN,N,CB,40.31,helix
127,ASN,N,CG,177.46,helix
127,ASN,N,N,110.72,helix
128,SER,S,C,175.51,helix
128,SER,S,CA,59.33,helix
128,SER,S,CB,65.68,helix
128,SER,S,N,116.52,helix
129,PHE,F,C,178.81,helix
129,PHE,F,CA,61.7,helix
129,PHE,F,CB,38.13,helix
129,PHE,F,CG,137.4,helix
129,PHE,F,N,123.91,helix
130,VAL,V,C,177.18,helix
130,VAL,V,CA,67.13,helix
130,VAL,V,CB,31.55,helix
130,VAL,V,N,119.92,helix
131,VAL,V,C,177.46,helix
131,VAL,V,CA,67.2,helix
131,VAL,V,CB,31.53,helix
131,VAL,V,CG1,23.8,helix
131,VAL,V,CG2,22.39,helix
131,VAL,V,N,121.15,helix
132,LYS,K,C,180.34,helix
132,LYS,K,CA,59.89,helix
132,LYS,K,CB,31.95,helix
132,LYS,K,N,120.32,helix
133,SER,S,C,176.69,helix
133,SER,S,CA,61.21,helix
133,SER,S,CB,62.14,helix
133,SER,S,N,115.23,helix
134,LEU,L,C,181.36,helix
134,LEU,L,CA,57.64,helix
134,LEU,L,CB,44.21,helix
134,LEU,L,CD1,22.73,helix
134,LEU,L,CD2,22.73,helix
134,LEU,L,CG,27.41,helix
134,LEU,L,N,124.0,helix
135,VAL,V,C,177.13,helix
135,VAL,V,CA,69.06,helix
135,VAL,V,CB,31.46,helix
135,VAL,V,CG1,23.77,helix
135,VAL,V,CG2,21.12,helix
135,VAL,V,N,123.27,helix
136,ALA,A,C,180.91,helix
136,ALA,A,CA,55.09,helix
136,ALA,A,CB,17.83,helix
136,ALA,A,N,121.22,helix
137,GLN,Q,C,179.31,helix
137,GLN,Q,CA,59.3,helix
137,GLN,Q,CB,29.65,helix
137,GLN,Q,CG,33.81,helix
137,GLN,Q,N,118.7,helix
138,GLN,Q,CA,59.86,helix
138,GLN,Q,N,119.35,helix
139,GLU,E,CA,59.83,helix
139,GLU,E,N,121.28,helix
140,LYS,K,C,177.73,helix
140,LYS,K,CA,58.96,helix
140,LYS,K,CB,32.68,helix
140,LYS,K,CG,24.79,helix
140,LYS,K,N,122.25,helix
141,ALA,A,C,179.56,coil
141,ALA,A,CA,55.01,coil
141,ALA,A,CB,18.43,coil
141,ALA,A,N,119.73,coil
142,ALA,A,C,178.95,coil
142,ALA,A,CA,54.43,coil
142,ALA,A,CB,18.04,coil
142,ALA,A,N,117.2,coil
143,ALA,A,C,182.47,coil
143,ALA,A,CA,54.55,coil
143,ALA,A,CB,18.06,coil
143,ALA,A,N,121.02,coil
144,ASP,D,C,178.29,coil
144,ASP,D,CA,57.38,coil
144,ASP,D,CB,40.27,coil
144,ASP,D,CG,180.04,coil
144,ASP,D,N,120.87,coil
145,VAL,V,C,174.01,coil
145,VAL,V,CA,60.3,coil
145,VAL,V,CB,30.89,coil
145,VAL,V,CG1,20.28,coil
145,VAL,V,CG2,19.09,coil
145,VAL,V,N,108.52,coil
146,GLN,Q,C,175.46,strand
146,GLN,Q,CA,55.95,strand
146,GLN,Q,CB,26.17,strand
146,GLN,Q,N,118.23,strand
147,LEU,L,CA,56.35,strand
147,LEU,L,CB,43.07,strand
147,LEU,L,CG,26.9,strand
147,LEU,L,N,117.96,strand
148,ARG,R,C,175.84,strand
148,ARG,R,CA,55.04,strand
148,ARG,R,CB,31.98,strand
148,ARG,R,CG,26.98,strand
148,ARG,R,N,123.37,strand
149,GLY,G,C,171.08,strand
149,GLY,G,CA,45.37,strand
149,GLY,G,N,106.0,strand
150,VAL,V,C,173.04,strand
150,VAL,V,CA,57.95,strand
150,VAL,V,CB,34.94,strand
150,VAL,V,CG1,25.88,strand
150,VAL,V,CG2,19.03,strand
150,VAL,V,N,110.55,strand
151,PRO,P,C,175.92,coil
151,PRO,P,CA,62.45,coil
151,PRO,P,CB,35.79,coil
151,PRO,P,CD,51.56,coil
151,PRO,P,N,133.84,coil
152,ALA,A,C,174.79,strand
152,ALA,A,CA,51.9,strand
152,ALA,A,CB,25.57,strand
152,ALA,A,N,122.8,strand
153,MET,M,C,173.26,strand
153,MET,M,CA,55.05,strand
153,MET,M,CB,36.93,strand
153,MET,M,CG,32.2,strand
153,MET,M,N,121.33,strand
154,PHE,F,C,176.36,strand
154,PHE,F,CA,55.96,strand
154,PHE,F,CB,43.91,strand
154,PHE,F,CD1,131.58,strand
154,PHE,F,CD2,130.15,strand
154,PHE,F,CG,139.72,strand
154,PHE,F,N,124.56,strand
155,VAL,V,C,176.01,strand
155,VAL,V,CA,60.84,strand
155,VAL,V,CB,34.91,strand
155,VAL,V,CG1,22.8,strand
155,VAL,V,CG2,20.44,strand
155,VAL,V,N,123.0,strand
156,ASN,N,C,174.21,strand
156,ASN,N,CA,54.7,strand
156,ASN,N,CB,37.5,strand
156,ASN,N,CG,177.27,strand
156,ASN,N,N,127.12,strand
157,GLY,G,C,172.66,coil
157,GLY,G,CA,46.53,coil
157,GLY,G,N,105.7,coil
158,LYS,K,C,174.98,coil
158,LYS,K,CA,57.24,coil
158,LYS,K,CB,37.59,coil
158,LYS,K,N,114.75,coil
159,TYR,Y,C,174.74,coil
159,TYR,Y,CA,55.45,coil
159,TYR,Y,CB,42.81,coil
159,TYR,Y,CE1,118.05,coil
159,TYR,Y,CG,128.78,coil
159,TYR,Y,N,117.65,coil
160,GLN,Q,C,175.74,coil
160,GLN,Q,CA,53.42,coil
160,GLN,Q,CB,30.72,coil
160,GLN,Q,CD,179.25,coil
160,GLN,Q,CG,32.47,coil
160,GLN,Q,NE2,108.8,coil
161,LEU,L,C,177.7,coil
161,LEU,L,CB,40.54,coil
161,LEU,L,CG,28.26,coil
162,ASN,N,C,172.31,coil
162,ASN,N,CA,49.85,coil
162,ASN,N,CB,38.56,coil
162,ASN,N,CG,177.49,coil
163,PRO,P,C,177.4,coil
163,PRO,P,CA,64.79,coil
163,PRO,P,CB,32.46,coil
163,PRO,P,CD,50.79,coil
163,PRO,P,CG,27.85,coil
163,PRO,P,N,137.15,coil
164,GLN,Q,C,177.24,helix
164,GLN,Q,CA,58.1,helix
164,GLN,Q,CB,28.02,helix
164,GLN,Q,CD,173.86,helix
164,GLN,Q,N,114.89,helix
165,GLY,G,C,173.66,helix
165,GLY,G,CA,44.7,helix
165,GLY,G,N,107.2,helix
166,MET,M,C,174.11,helix
166,MET,M,CA,54.54,helix
166,MET,M,CB,34.51,helix
166,MET,M,N,119.54,helix
167,ASP,D,CA,54.39,helix
167,ASP,D,CB,40.48,helix
167,ASP,D,CG,178.72,helix
167,ASP,D,N,121.08,helix
168,THR,T,C,175.47,helix
168,THR,T,CA,60.57,helix
168,THR,T,CB,68.83,helix
168,THR,T,CG2,22.47,helix
168,THR,T,N,112.41,helix
169,SER,S,C,174.43,helix
169,SER,S,CA,61.08,helix
169,SER,S,CB,63.32,helix
170,ASN,N,CA,52.13,helix
171,MET,M,C,177.7,helix
171,MET,M,CB,32.83,helix
173,VAL,V,CA,65.75,helix
173,VAL,V,CB,32.19,helix
173,VAL,V,N,121.57,helix
174,PHE,F,C,176.24,helix
174,PHE,F,CA,61.82,helix
174,PHE,F,CG,138.9,helix
174,PHE,F,N,121.58,helix
175,VAL,V,C,177.62,helix
175,VAL,V,CA,66.96,helix
175,VAL,V,CB,31.9,helix
175,VAL,V,CG1,21.27,helix
175,VAL,V,CG2,24.42,helix
175,VAL,V,N,116.91,helix
176,GLN,Q,C,178.43,helix
176,GLN,Q,CA,58.84,helix
176,GLN,Q,CB,28.2,helix
176,GLN,Q,CD,180.16,helix
176,GLN,Q,CG,34.39,helix
176,GLN,Q,N,116.68,helix
176,GLN,Q,NE2,110.96,helix
177,GLN,Q,C,179.97,helix
177,GLN,Q,CA,59.26,helix
177,GLN,Q,CB,28.17,helix
177,GLN,Q,CG,34.43,helix
177,GLN,Q,N,119.1,helix
178,TYR,Y,C,177.9,helix
178,TYR,Y,CA,61.91,helix
178,TYR,Y,CB,38.34,helix
178,TYR,Y,CE1,117.36,helix
178,TYR,Y,CG,129.83,helix
178,TYR,Y,N,126.49,helix
179,ALA,A,C,179.68,helix
179,ALA,A,CA,55.47,helix
179,ALA,A,CB,18.38,helix
179,ALA,A,N,120.2,helix
180,ASP,D,C,179.74,helix
180,ASP,D,CA,57.43,helix
180,ASP,D,CB,40.02,helix
180,ASP,D,CG,179.49,helix
180,ASP,D,N,118.72,helix
181,THR,T,C,176.38,unknown
181,THR,T,CA,67.55,unknown
181,THR,T,CB,67.57,unknown
181,THR,T,CG2,21.75,unknown
181,THR,T,N,120.15,unknown
182,VAL,V,C,177.57,unknown
182,VAL,V,CA,67.67,unknown
182,VAL,V,CB,30.7,unknown
182,VAL,V,CG1,24.07,unknown
182,VAL,V,CG2,22.48,unknown
182,VAL,V,N,121.52,unknown
183,LYS,K,CA,60.54,unknown
183,LYS,K,N,120.92,unknown
184,TYR,Y,C,177.79,unknown
184,TYR,Y,CA,60.56,unknown
184,TYR,Y,CG,129.96,unknown
184,TYR,Y,N,120.1,unknown
185,LEU,L,C,179.3,unknown
185,LEU,L,CA,56.59,unknown
185,LEU,L,CB,42.2,unknown
185,LEU,L,CG,25.72,unknown
185,LEU,L,N,118.05,unknown
186,SER,S,C,175.7,unknown
186,SER,S,CA,61.85,unknown
186,SER,S,CB,62.61,unknown
186,SER,S,N,114.96,unknown
187,GLU,E,C,175.92,unknown
187,GLU,E,CA,56.11,unknown
187,GLU,E,CB,30.14,unknown
187,GLU,E,CG,36.82,unknown
187,GLU,E,N,119.36,unknown
