residue_number,pdb_resnum,chain_id,aa,ss_raw,ss_class,accessibility,phi,psi
1,1,A,N,C,coil,,,
2,2,A,F,E,strand,,,
3,3,A,G,E,strand,,,
4,4,A,A,E,strand,,,
5,5,A,I,E,strand,,,
6,6,A,L,E,strand,,,
7,7,A,S,C,coil,,,
8,1,B,N,C,coil,,,
9,2,B,F,E,strand,,,
10,3,B,G,E,strand,,,
11,4,B,A,E,strand,,,
12,5,B,I,E,strand,,,
13,6,B,L,E,strand,,,
14,7,B,S,C,coil,,,
15,1,C,N,C,coil,,,
16,2,C,F,E,strand,,,
17,3,C,G,E,strand,,,
18,4,C,A,E,strand,,,
19,5,C,I,E,strand,,,
20,6,C,L,E,strand,,,
21,7,C,S,C,coil,,,
22,1,D,N,C,coil,,,
23,2,D,F,E,strand,,,
24,3,D,G,E,strand,,,
25,4,D,A,E,strand,,,
26,5,D,I,E,strand,,,
27,6,D,L,E,strand,,,
28,7,D,S,C,coil,,,
29,1,E,N,C,coil,,,
30,2,E,F,E,strand,,,
31,3,E,G,E,strand,,,
32,4,E,A,E,strand,,,
33,5,E,I,E,strand,,,
34,6,E,L,E,strand,,,
35,7,E,S,C,coil,,,
36,1,F,N,C,coil,,,
37,2,F,F,E,strand,,,
38,3,F,G,E,strand,,,
39,4,F,A,E,strand,,,
40,5,F,I,E,strand,,,
41,6,F,L,E,strand,,,
42,7,F,S,C,coil,,,
43,1,G,N,C,coil,,,
44,2,G,F,E,strand,,,
45,3,G,G,E,strand,,,
46,4,G,A,E,strand,,,
47,5,G,I,E,strand,,,
48,6,G,L,E,strand,,,
49,7,G,S,C,coil,,,
50,1,H,N,C,coil,,,
51,2,H,F,E,strand,,,
52,3,H,G,E,strand,,,
53,4,H,A,E,strand,,,
54,5,H,I,E,strand,,,
55,6,H,L,E,strand,,,
56,7,H,S,C,coil,,,
