bmrb_id,n_residues,ca_count,cb_count,n_count,ha_count,pdb_candidates,pdb_id,fetch_ok,chain_a_residues,n_chains,helix_segs,sheet_segs,helix_residues,strand_residues,pdb_fetch_ok,delta_res,helix_pct,strand_pct,pdb_candidates_tried,passes,fail_reason,score,already_have
17710,186,306,267,286,0,"['2HI7', '1A23', '1A24', '1A2J', '1A2L', '1A2M', '1AC1', '1ACV', '1BQ7', '1DSB', '1FVJ', '1FVK', '1TI1', '1U3A', '2B3S', '2B6M', '2LEG', '2ZUP', '3DKS', '3E9J', '4TKY', '4WET', '4WEY', '4WF4', '4WF5', '2K73', '2K74', '2LTQ', '2ZUQ']",1A23,True,189,1,8,5,94,18,True,3,49.7,9.5,"['2HI7', '1A23', '1A24', '1A2J', '1A2L']",True,,108.0,False
16327,180,178,153,167,0,"['1A23', '1DSB', '1FVK', '1A24', '1A2J', '1A2L', '1A2M', '1AC1', '1ACV', '1BQ7', '1FVJ', '1TI1', '1U3A', '2B3S', '2B6M', '2HI7', '2LEG', '2ZUP', '3DKS', '3E9J', '4TKY', '4WET', '4WEY', '4WF4', '4WF5']",1A23,True,189,1,8,5,94,18,True,9,49.7,9.5,"['1A23', '1DSB', '1FVK', '1A24', '1A2J']",True,Δ=9,104.0,True
18808,132,212,160,197,39,"['2M0G', '2M09', '4FXX', '1O0P', '1OPI', '2M52', '3V4M', '4FXW']",2M0G,True,145,2,5,4,86,21,True,13,59.3,14.5,"['2M0G', '2M09', '4FXX', '1O0P', '1OPI']",True,Δ=13,98.3,False
16873,56,262,239,221,0,"['1GB1', '1IBX', '1PGB', '1PN5', '2CWB', '2DEN', '2GB1', '2GI9', '2I2Y', '2I38', '2JSV', '2JU6', '2K0P', '2KBT', '2KHU', '2KHW', '2KLK', '2KQ4', '2PLP', '2QMT', '2RMM', '3GB1', '1PGA', '2KN4', '2KWD', '2LGI', '2MBB', '3MP9', '3UI3', '4Q0C']",1GB1,True,56,1,1,6,15,20,True,0,26.8,35.7,"['1GB1', '1IBX', '1PGB', '1PN5', '2CWB']",True,,98.0,False
27059,146,146,133,146,0,[],1OPB,True,133,4,8,44,64,424,True,13,48.1,318.8,"['14H2', '1OPB']",True,Δ=13,97.1,False
16964,207,205,194,205,0,['2WVN'],2WVN,True,214,1,12,2,168,6,True,7,78.5,2.8,['2WVN'],True,Δ=7,96.3,False
19025,72,142,118,142,0,"['1TXQ', '2COY', '2HKN', '2HKQ', '2HL3', '2HL5', '2HQH', '2M02', '3E2U', '3TQ7', '2MPX']",1TXQ,True,74,2,3,7,55,29,True,2,74.3,39.2,"['1TXQ', '2COY', '2HKN', '2HKQ', '2HL3']",True,,94.7,True
18170,301,299,228,298,0,['2LNL'],2LNL,True,296,1,13,0,230,0,True,5,77.7,0.0,['2LNL'],True,no strand,91.7,False
17700,107,107,98,106,0,"['1F6M', '1KEB', '1SKR', '1SKS', '1SKW', '1SL0', '1SL1', '1SL2', '1T7P', '1T8E', '1THO', '1TK0', '1TK5', '1TK8', '1TKD', '1TXX', '1X9M', '1X9S', '1X9W', '1XOA', '1XOB', '1ZCP', '1ZYQ', '1ZZY', '2AJQ', '2BTO', '2EIO', '2EIQ', '2EIR', '2FCH', '2FD3', '2H6X', '2H6Y', '2H6Z', '2H70', '2H71', '2H72', '2H73', '2H74', '2H75', '2H76', '2O8V', '2TIR', '2TRX', '3DXB', '3DYR', '4KCA', '4KCB']",1KEB,True,108,2,10,10,90,58,True,1,83.3,53.7,"['1F6M', '1KEB', '1SKR', '1SKS', '1SKW']",True,,90.3,False
50110,117,112,99,104,0,"['1ZWZ', '2ALE', '4NUT']",4NUT,True,122,2,8,4,96,19,True,5,78.7,15.6,"['1ZWZ', '2ALE', '4NUT']",True,,85.9,False
18493,153,130,114,125,0,"['2LEG', '2ZUQ', '2HI7', '2K73', '2K74', '2LTQ', '2ZUP', '3E9J', '1Q9K', '1Q9L', '1Q9O', '1Q9W', '2I9L', '2R1W', '2R1X', '2R1Y', '2R23', '2R2B', '2R2E', '2R2H', '3BPC', '3HZK', '3HZM', '3HZV', '3HZY', '3I02', '3IJH', '3IJS', '3IJY', '3IKC', '3KJ4', '3SY0', '3T4Y', '3T65', '3T77', '4HGW', '1HM2', '2HM2', '3HM2', '1HM3', '2HM3', '3HM3', '1HM5', '2HM5', '3HM5', '1H10', '2H10', '3H10', '1H11', '2H11', '3H11']",2ZUQ,True,148,6,22,74,238,394,True,5,160.8,266.2,"['2LEG', '2ZUQ', '2HI7', '2K73', '2K74']",True,,85.5,False
5757,84,85,81,88,0,"['1MU4', '1K1C', '1MO1', '2AK7', '2RLZ']",2AK7,True,85,2,6,10,69,52,True,1,81.2,61.2,"['1MU4', '1K1C', '1MO1', '2AK7', '2RLZ']",True,,82.5,False
27244,217,217,184,217,0,"['1RC2', '2ABM']",2ABM,True,227,8,88,0,1477,0,True,10,650.7,0.0,"['1RC2', '2ABM']",True,Δ=10; no strand,78.3,False
15380,56,112,104,112,0,"['2GI9', '2JSV', '2QMT']",2GI9,True,56,1,1,4,16,24,True,0,28.6,42.9,"['2GI9', '2JSV', '2QMT']",True,,78.2,True
27317,137,137,130,135,0,"['1QGT', '2G33', '2G34', '3J2V', '4G93']",1QGT,True,142,4,30,0,406,0,True,5,285.9,0.0,"['1QGT', '2G33', '2G34', '3J2V', '4G93']",True,no strand,75.1,False
25005,70,68,55,69,0,"['1TXQ', '2HKQ', '2HQH', '2MPX', '2M02', '3E2U', '2HKN', '2HL3', '2HL5', '3TQ7', '1H01', '1H02', '1H05', '1H06', '1HC7', '1H08', '1H09', '1H10', '1H13', '2H13', '3H13', '1H14', '2H14', '1H15', '1H16', '2H16', '1H17', '1H07', '1H19', '2H19', '3H19', '1H21', '1H23', '2H23', '3H23', '1H26', '1H28', '1HO1', '1H29', '1HN0', '1H32', '1H33', '1H34', '1H35', '1H36', '1H38', '1H39', '1H40', '1H41', '1H42', '1H43', '2H43', '1H44', '2H44', '3H44', '1H46', '2H46', '3H46', '1H47', '2H47', '3H47']",2HQH,True,72,8,8,36,32,132,True,2,44.4,183.3,"['1TXQ', '2HKQ', '2HQH', '2MPX', '2M02']",True,,73.3,True
25076,99,99,94,93,0,"['2MS7', '2MS8', '2VGQ', '3J6C', '3J6J', '4P4H']",2MS8,True,102,1,8,0,81,0,True,3,79.4,0.0,"['2MS7', '2MS8', '2VGQ', '3J6C', '3J6J']",True,no strand,71.6,False
25123,71,70,66,71,0,"['1D3Z', '2MSG', '3ONS', '1AAR', '1CMX', '1F9J', '1FXT', '1G6J', '1GJZ', '1NBF', '1OGW', '1P3Q', '1Q5W', '1S1Q', '1TBE', '1UBI', '1UBQ', '1UZX', '1V80', '1V81', '1VX7', '1WR6', '1WRD', '1XD3', '1XQQ', '1YD8', '1YIW', '1YJ1', '1YX5', '1YX6', '1ZGU', '2AYO', '2BGF', '2C7M', '2C7N', '2D3G', '2DEN', '2DX5', '2FCM', '2FCN', '2FCQ', '2FCS', '2FID', '2FIF', '2FUH', '2G45', '2GMI', '2HD5', '2HTH', '2IBI', '2J7Q', '2JF5', '2JRI', '2JY6', '2JZZ', '2K25', '2K39', '2K6D', '2K8B', '2K8C', '2KDE', '2KDF', '2KHW', '2KJH', '2KLG', '2KN5', '2KOX', '2KTF', '2KWU', '2KWV', '2KX0', '2L0F', '2L0T', '2L3Z', '2LD9', '2LJ5', '2LVO', '2LVP', '2LVQ', '2LZ6', '2MBB', '2MBH', '2MBO', '2MBQ', '2MCN', '2MJ5', '2MJB', '2MOR', '2MRE', '2MRO', '2MUR', '2MWS', '2N2K', '2NR2', '2O6V', '2OJR', '2OOB', '2PE9', '2PEA', '2QHO', '2RR9', '2RSU', '2RU6', '2W9N', '2WDT', '2WWZ', '2WX0', '2WX1', '2XBB', '2XEW', '2XK5', '2Y5B', '2Z59', '2ZCB', '2ZCC', '2ZNV', '2ZVN', '2ZVO', '3A1Q', '3A33', '3A9J', '3A9K', '3AI5', '3ALB', '3AUL', '3AXC', '3B08', '3B0A', '3BY4', '3C0R', '3DVG', '3DVN', '3EEC', '3EFU', '3EHV', '3H1U', '3H7P', '3H7S', '3HM3', '3I3T', '3IFW', '3IHP', '3JSV', '3JVZ', '3JW0', '3K9O', '3K9P', '3KVF', '3KW5', '3LDZ', '3M3J', '3MHS', '3MTN', '3N30', '3N32', '3NHE', '3NOB', '3NS8', '3O65', '3OFI', '3OJ3', '3OJ4', '3PHD', '3PHW', '3PRM', '3PRP', '3PT2', '3PTF', '3Q3F', '3RUL', '3TBL', '3TMP', '3U30', '3UGB', '3VDZ', '3VFK', '3VHT', '3VUW', '3VUX', '3VUY', '3WWQ', '3WXE', '3WXF', '3WXG', '3ZLZ', '3ZNH', '3ZNI', '3ZNZ', '4A18', '4A19', '4A1B', '4A1D', '4ADX', '4AP4', '4AUQ', '4BBN', '4BOS', '4BOZ', '4BVU', '4CXC', '4CXD', '4D5L', '4D61', '4DDG', '4DDI', '4DHJ', '4DHZ', '4FJV', '4HXD', '4I6N', '4IG7', '4IUM', '4JIO', '4JQW', '4K1R', '4K7S', '4K7U', '4K7W', '4KSK', '4KSL', '4KZX', '4KZY', '4KZZ', '4LCD', '4LDT', '4LJO', '4LJP', '4M0W', '4MDK', '4MM3', '4MSM', '4MSQ', '4NQK', '4NQL', '4P4H', '4PIG', '4PIH', '4PIJ', '4PQT', '4R62', '4RF0', '4RF1', '4S1Z', '4S22', '4UEL', '4UF6', '4UN2', '4UPX', '4UQ1', '4UQ4', '4UQ5', '4V3K', '4V3L', '4W20', '4W22', '4W23', '4W25', '4W27', '4W28', '4WHV', '4WLR', '4WUR', '4WZP', '4XKL', '4XOF', '4XOK', '4XOL', '4XYZ', '4Y1H', '4Z9S', '4ZFR', '4ZFT', '4ZPZ', '5A5B', '5AF4', '5AF5', '5AF6', '5AIT', '5AIU', '5CAW']",1AAR,True,76,2,4,10,32,62,True,5,42.1,81.6,"['1D3Z', '2MSG', '3ONS', '1AAR', '1CMX']",True,,70.9,True
16448,75,73,49,65,0,"['1PHT', '1PKS', '1PKT', '1PNJ', '2PNI', '3I5R', '3I5S']",1PKS,True,76,1,4,5,18,28,True,1,23.7,36.8,"['1PHT', '1PKS', '1PKT', '1PNJ', '2PNI']",True,,70.7,False
28122,135,130,122,131,0,"['1QGT', '3J2V']",1QGT,True,142,4,30,0,406,0,True,7,285.9,0.0,"['1QGT', '3J2V']",True,Δ=7; no strand,70.7,False
17937,88,87,74,85,0,"['2HQH', '3E2U', '1TXQ', '2HKN', '2HKQ', '2HL3', '2HL5', '2M02', '2MPX', '3TQ7']",1TXQ,True,74,2,3,7,55,29,True,14,74.3,39.2,"['2HQH', '3E2U', '1TXQ', '2HKN', '2HKQ']",True,Δ=14,66.9,False
7111,66,66,62,64,0,"['2JZZ', '1AAR', '1CMX', '1D3Z', '1F9J', '1FXT', '1G6J', '1GJZ', '1NBF', '1OGW', '1P3Q', '1Q5W', '1S1Q', '1TBE', '1UBI', '1UBQ', '1UZX', '1V80', '1V81', '1VX7', '1WR6', '1WRD', '1XD3', '1XQQ', '1YD8', '1YIW', '1YJ1', '1YX5', '1YX6', '1ZGU', '2AYO', '2BGF', '2C7M', '2C7N', '2D3G', '2DEN', '2DX5', '2FCM', '2FCN', '2FCQ', '2FCS', '2FID', '2FIF', '2FUH', '2G45', '2GMI', '2HD5', '2HTH', '2IBI', '2J7Q', '2JF5', '2JRI', '2JY6', '2K25', '2K39', '2K6D', '2K8B', '2K8C', '2KDE', '2KDF', '2KHW', '2KJH', '2KLG', '2KN5', '2KOX', '2KTF', '2KWU', '2KWV', '2KX0', '2L0F', '2L0T', '2L3Z', '2LD9', '2LJ5', '2LVO', '2LVP', '2LVQ', '2LZ6', '2MBB', '2MBH', '2MBO', '2MBQ', '2MCN', '2MJ5', '2MJB', '2MOR', '2MRE', '2MUR', '2NR2', '2O6V', '2OJR', '2OOB', '2PE9', '2PEA', '2QHO', '2RR9', '2RSU', '2RU6', '2W9N', '2WDT', '2WWZ', '2WX0', '2WX1', '2XBB', '2XEW', '2XK5', '2Y5B', '2Z59', '2ZCB', '2ZCC', '2ZNV', '2ZVN', '2ZVO', '3A1Q', '3A33', '3A9J', '3A9K', '3AI5', '3ALB', '3AUL', '3AXC', '3B08', '3B0A', '3BY4', '3C0R', '3DVG', '3DVN', '3EEC', '3EFU', '3EHV', '3H1U', '3H7P', '3H7S', '3HM3', '3I3T', '3IFW', '3IHP', '3JSV', '3JVZ', '3JW0', '3K9O', '3K9P', '3KVF', '3KW5', '3LDZ', '3M3J', '3MHS', '3MTN', '3N30', '3N32', '3NHE', '3NOB', '3NS8', '3O65', '3OFI', '3OJ3', '3OJ4', '3ONS', '3PHD', '3PHW', '3PRM', '3PRP', '3PT2', '3PTF', '3Q3F', '3RUL', '3TBL', '3TMP', '3U30', '3UGB', '3VDZ', '3VFK', '3VHT', '3VUW', '3VUX', '3VUY', '3ZLZ', '3ZNH', '3ZNI', '3ZNZ', '4A18', '4A19', '4A1B', '4A1D', '4ADX', '4AP4', '4AUQ', '4BBN', '4BOS', '4BOZ', '4BVU', '4CXC', '4CXD', '4DDG', '4DDI', '4DHJ', '4DHZ', '4FJV', '4HXD', '4I6N', '4IG7', '4IUM', '4JIO', '4JQW', '4K1R', '4K7S', '4K7U', '4K7W', '4KSK', '4KSL', '4KZX', '4KZY', '4KZZ', '4LCD', '4LDT', '4LJO', '4LJP', '4M0W', '4MDK', '4MM3', '4MSM', '4MSQ', '4NQK', '4NQL', '4P4H', '4PIG', '4PIH', '4PIJ', '4PQT', '4RF0', '4RF1', '4UN2', '4UPX', '4UQ1', '4UQ4', '4UQ5', '4W20', '4W22', '4W23', '4W25', '4W27', '4W28', '4WUR', '4WZP']",1AAR,True,76,2,4,10,32,62,True,10,42.1,81.6,"['2JZZ', '1AAR', '1CMX', '1D3Z', '1F9J']",True,Δ=10,65.9,False
50411,94,166,77,133,0,['7JK8'],7JK8,True,102,2,8,0,175,0,True,8,171.6,0.0,['7JK8'],True,Δ=8; no strand,65.1,False
19031,66,64,53,65,0,"['1TXQ', '2COY', '2HKN', '2HKQ', '2HL3', '2HL5', '2HQH', '2M02', '3E2U', '3TQ7', '2MPX', '1WU9', '1YIB', '2R8U', '3GJO']",1TXQ,True,74,2,3,7,55,29,True,8,74.3,39.2,"['1TXQ', '2COY', '2HKN', '2HKQ', '2HL3']",True,Δ=8,62.1,True
18108,94,93,80,89,0,['2LME'],2LME,True,105,3,3,13,96,141,True,11,91.4,134.3,['2LME'],True,Δ=11,61.3,False
53330,48,52,46,50,0,['9I2I'],9I2I,True,56,2,4,8,37,50,True,8,66.1,89.3,['9I2I'],True,Δ=8,61.3,False
15818,67,67,64,0,0,"['1HG7', '1KDF', '1MSI', '1AME', '1B7I', '1B7J', '1B7K', '1EKL', '1GZI', '1JAB', '1MSJ', '2AME', '2JIA', '2MSI', '2MSJ', '2SPG', '3AME', '3MSI', '3QF6', '4AME', '4MSI', '5C7R', '5MSI', '6AME', '7AME', '7MSI', '8AME', '8MSI', '9AME', '9MSI']",1HG7,True,66,1,3,2,13,10,True,1,19.7,15.2,"['1HG7', '1KDF', '1MSI', '1AME', '1B7I']",True,,60.5,False
25642,101,99,83,99,0,['2N3D'],2N3D,True,103,1,0,18,0,67,True,2,0.0,65.0,['2N3D'],True,no helix,60.1,False
15156,56,56,52,111,0,"['2GI9', '2JU6', '1GB1', '1IBX', '1PGA', '1PGB', '1PN5', '2CWB', '2DEN', '2GB1', '2I2Y', '2I38', '2JSV', '2K0P', '2KBT', '2KHU', '2KHW', '2KLK', '2KN4', '2KQ4', '2KWD', '2LGI', '2MBB', '2PLP', '2QMT', '2RMM', '3GB1', '3MP9', '3UI3', '4Q0C']",1GB1,True,56,1,1,6,15,20,True,0,26.8,35.7,"['2GI9', '2JU6', '1GB1', '1IBX', '1PGA']",True,,59.6,True
17810,56,56,52,56,0,"['1GB1', '1PGA', '1PGB', '2GB1', '2GI9', '2JSV', '2JU6', '2KOP', '2KQ4', '2KWD', '2LGI', '2PLP', '2QMT', '1IBX', '1PN5', '2CWB', '2DEN', '2I2Y', '2I38', '2K0P', '2KBT', '2KHU', '2KHW', '2KLK', '2KN4', '2MBB', '2RMM', '3GB1', '3MP9', '3UI3', '4Q0C']",1GB1,True,56,1,1,6,15,20,True,0,26.8,35.7,"['1GB1', '1PGA', '1PGB', '2GB1', '2GI9']",True,,59.6,False
19393,39,89,76,79,0,"['1AML', '1BA4', '1IYT', '1Z0Q', '2BEG', '2G47', '2LFM', '2LMN', '2LMO', '2LMP', '2LMQ', '2LP1', '2M4J', '2M9R', '2M9S', '2MVX', '2MXU', '2OTK', '2WK3', '3IFN', '4M1C', '4MVI', '4MVL', '4NGE', '4ONG']",1AML,True,40,1,2,0,14,0,True,1,35.0,0.0,"['1AML', '1BA4', '1IYT', '1Z0Q', '2BEG']",True,no strand,58.3,False
18397,56,56,44,55,0,"['1GB1', '1IBX', '1PGA', '1PGB', '1PN5', '2CWB', '2DEN', '2GB1', '2GI9', '2I2Y', '2I38', '2JSV', '2JU6', '2K0P', '2KBT', '2KHU', '2KHW', '2KLK', '2KN4', '2KQ4', '2KWD', '2LGI', '2MBB', '2PLP', '2QMT', '2RMM', '3GB1', '3MP9', '3UI3', '4Q0C']",1GB1,True,56,1,1,6,15,20,True,0,26.8,35.7,"['1GB1', '1IBX', '1PGA', '1PGB', '1PN5']",True,,58.0,True
18651,84,82,80,82,0,['2MME'],2MME,True,83,29,87,0,2204,0,True,1,2655.4,0.0,['2MME'],True,no strand,56.7,False
15283,56,56,52,56,0,"['1IGD', '2OED', '1IGC', '1P7E', '1P7F', '1PGX', '2IGD', '2IGH', '2LUM', '2N7J', '2NMQ']",2OED,True,56,1,1,4,16,24,True,0,28.6,42.9,"['1IGD', '2OED', '1IGC', '1P7E', '1P7F']",True,,56.6,True
18276,80,80,78,79,0,"['2KV7', '2LPZ', '2MEX', '2X9C', '3ZQB', '3ZQE']",2LPZ,True,80,29,87,0,2030,0,True,0,2537.5,0.0,"['2KV7', '2LPZ', '2MEX', '2X9C', '3ZQB']",True,no strand,56.6,False
30088,56,56,51,56,52,['5JXV'],5JXV,True,56,1,1,4,16,24,True,0,28.6,42.9,['5JXV'],True,,56.4,False
6351,33,30,26,25,0,"['1KTX', '1XSW', '2KTX', '2UVS', '3ODV']",3ODV,True,38,2,4,6,24,31,True,5,63.2,81.6,"['1KTX', '1XSW', '2KTX', '2UVS', '3ODV']",True,,54.9,False
19747,50,50,46,48,0,"['2CPB', '2CPS', '2MJZ', '1FDM', '1IFD', '1IFI', '1IFJ', '1MZT', '2HI5']",2CPB,True,50,1,12,3,93,10,True,0,186.0,20.0,"['2CPB', '2CPS', '2MJZ', '1FDM', '1IFD']",True,,53.2,False
15226,32,26,22,23,0,"['2UVS', '1KTX', '1XSW', '2KTX', '3ODV']",3ODV,True,38,2,4,6,24,31,True,6,63.2,81.6,"['2UVS', '1KTX', '1XSW', '2KTX', '3ODV']",True,Δ=6,52.6,False
6348,44,76,70,71,0,"['1KZU', '1NKZ', '2FKW']",1KZU,True,48,6,12,0,210,0,True,4,437.5,0.0,"['1KZU', '1NKZ', '2FKW']",True,no strand,51.5,False
16060,61,61,56,58,0,"['1NOR', '1JE9', '2MJ4']",1NOR,True,61,1,0,5,0,33,True,0,0.0,54.1,"['1NOR', '1JE9', '2MJ4']",True,no helix,48.4,False
27845,128,127,31,115,0,['1QGT'],1QGT,True,142,4,30,0,406,0,True,14,285.9,0.0,['1QGT'],True,Δ=14; no strand,47.3,False
51228,54,51,49,51,44,['2NUZ'],2NUZ,True,55,1,0,5,0,25,True,1,0.0,45.5,['2NUZ'],True,no helix,44.3,False
11064,58,58,48,57,0,"['2LBU', '2RNM', '2KJ3']",2LBU,True,71,5,2,29,7,151,True,13,9.9,212.7,"['2LBU', '2RNM', '2KJ3']",True,Δ=13,43.5,False
10021,70,62,50,45,0,"['1A91', '1ATY', '1C0V', '1C17', '1C99', '1IJP', '1L6T', '1QO1', '4UTQ']",1C99,True,79,1,2,0,67,0,True,9,84.8,0.0,"['1A91', '1ATY', '1C0V', '1C17', '1C99']",True,Δ=9; no strand,42.4,False
12019,46,46,43,45,0,['1ED7'],1ED7,True,45,1,0,5,0,19,True,1,0.0,42.2,['1ED7'],True,no helix,42.1,False
27212,42,42,36,41,0,['5OQV'],5OQV,True,42,9,0,27,0,270,True,0,0.0,642.9,['5OQV'],True,no helix,40.6,False
52223,50,50,46,50,0,['2F2W'],2F2W,True,56,1,0,5,0,25,True,6,0.0,44.6,['2F2W'],True,Δ=6; no helix,40.2,False
19009,39,39,33,39,0,['2M4J'],2M4J,True,40,9,0,27,0,54,True,1,0.0,135.0,['2M4J'],True,no helix,38.7,False
25788,29,47,45,49,0,"['2N70', '2KIH']",2KIH,True,38,4,8,0,134,0,True,9,352.6,0.0,"['2N70', '2KIH']",True,Δ=9; no strand,37.4,False
15138,46,49,41,45,0,"['1IFN', '1PJF', '1QL1', '1QL2', '2IFN', '1IFM', '1PFI', '1ZN5', '2IFM', '2KLV', '2KSJ', '2XKM', '3IFM', '4IFM']",1QL2,True,46,3,3,0,120,0,True,0,260.9,0.0,"['1IFN', '1PJF', '1QL1', '1QL2', '2IFN']",True,no strand,37.0,False
18129,32,32,26,0,0,"['2LMP', '1AMB', '1AMC', '1AML', '1BA4', '1BA6', '1HZ3', '1IYT', '1Z0Q', '2BEG', '2G47', '2LFM', '2LMN', '2LMO', '2LMQ', '2LNQ', '2LP1', '2M4J', '2M9R', '2M9S', '2MVX', '2MXU', '2OTK', '2WK3', '3BAE', '3IFN', '4HIX', '4M1C', '4MVI', '4MVL', '4NGE', '4ONG', '5AEF']",2LMP,True,32,18,0,40,0,227,True,0,0.0,709.4,"['2LMP', '1AMB', '1AMC', '1AML', '1BA4']",True,no helix,36.6,False
18131,32,32,26,0,0,"['2LMQ', '1AMB', '1AMC', '1AML', '1BA4', '1BA6', '1HZ3', '1IYT', '1Z0Q', '2BEG', '2G47', '2LFM', '2LMN', '2LMO', '2LMP', '2LNQ', '2LP1', '2M4J', '2M9R', '2M9S', '2MVX', '2MXU', '2OTK', '2WK3', '3BAE', '3IFN', '4HIX', '4M1C', '4MVI', '4MVL', '4NGE', '4ONG', '5AEF']",2LMQ,True,32,18,0,42,0,295,True,0,0.0,921.9,"['2LMQ', '1AMB', '1AMC', '1AML', '1BA4']",True,no helix,36.6,False
18127,33,33,27,17,0,"['2LMN', '1AMB', '1AMC', '1AML', '1BA4', '1BA6', '1HZ3', '1IYT', '1Z0Q', '2BEG', '2G47', '2LFM', '2LMO', '2LMP', '2LMQ', '2LNQ', '2LP1', '2M4J', '2M9R', '2M9S', '2MVX', '2MXU', '2OTK', '2WK3', '3BAE', '3IFN', '4HIX', '4M1C', '4MVI', '4MVL', '4NGE', '4ONG', '5AEF']",2LMN,True,32,12,0,30,0,153,True,1,0.0,478.1,"['2LMN', '1AMB', '1AMC', '1AML', '1BA4']",True,no helix,36.3,False
18128,33,33,27,17,0,"['2LMO', '1AMB', '1AMC', '1AML', '1BA4', '1BA6', '1HZ3', '1IYT', '1Z0Q', '2BEG', '2G47', '2LFM', '2LMN', '2LMP', '2LMQ', '2LNQ', '2LP1', '2M4J', '2M9R', '2M9S', '2MVX', '2MXU', '2OTK', '2WK3', '3BAE', '3IFN', '4HIX', '4M1C', '4MVI', '4MVL', '4NGE', '4ONG', '5AEF']",2LMO,True,32,12,0,26,0,147,True,1,0.0,459.4,"['2LMO', '1AMB', '1AMC', '1AML', '1BA4']",True,no helix,36.3,False
16254,30,30,26,30,0,"['2KHT', '1DFN', '3GNY', '3HJ2']",1DFN,True,30,2,0,6,0,36,True,0,0.0,120.0,"['2KHT', '1DFN', '3GNY', '3HJ2']",True,no helix,36.2,False
30273,18,31,28,27,0,['5V7Z'],5V7Z,True,15,8,0,11,0,84,True,3,0.0,560.0,['5V7Z'],True,no helix,34.8,False
10022,22,22,21,22,0,"['2E8D', '1A1M', '1A1N', '1A1O', '1A6Z', '1A9B', '1A9E', '1AGB', '1AGC', '1AGD', '1AGE', '1AGF', '1AKJ', '1AO7', '1B0G', '1B0R', '1BD2', '1C16', '1CE6', '1CG9', '1DE4', '1DUY', '1DUZ', '1E27', '1E28', '1EEY', '1EEZ', '1EFX', '1EXU', '1GZP', '1GZQ', '1HHG', '1HHH', '1HHI', '1HHJ', '1HHK', '1HLA', '1HSA', '1HSB', '1I1F', '1I1Y', '1I4F', '1I7R', '1I7T', '1I7U', '1IM3', '1IM9', '1JF1', '1JGD', '1JGE', '1JHT', '1JNJ', '1K5N', '1KPR', '1KTL', '1LDS', '1LP9', '1M05', '1M6O', '1MHE', '1MI5', '1N2R', '1OF2', '1OGA', '1OGT', '1ONQ', '1P7Q', '1Q94', '1QEW', '1QLF', '1QQD', '1QR1', '1QRN', '1QSE', '1QSF', '1QVO', '1R3H', '1S8D', '1S9W', '1S9X', '1S9Y', '1SYS', '1SYV', '1T1W', '1T1X', '1T1Y', '1T1Z', '1T20', '1T21', '1T22', '1TMC', '1TVB', '1TVH', '1UQS', '1UXS', '1UXW', '1VGK', '1W0V', '1W0W', '1W72', '1X7Q', '1XH3', '1XR8', '1XR9', '1XZ0', '1YDP', '1YPZ', '1ZHK', '1ZHL', '1ZS8', '1ZSD', '1ZT4', '1ZVS', '2A83', '2AK4', '2AV1', '2AV7', '2AXF', '2AXG', '2BCK', '2BNQ', '2BNR', '2BSR', '2BSS', '2BST', '2BVO', '2BVP', '2BVQ', '2C7U', '2CII', '2CIK', '2CLR', '2D31', '2D4F', '2DYP', '2ESV', '2F53', '2F54', '2F74', '2FYY', '2FZ3', '2GIT', '2GJ6', '2GT9', '2GTW', '2GTZ', '2GUO', '2H26', '2H6P', '2HJK', '2HJL', '2HLA', '2HN7', '2J8U', '2JCC', '2NW3', '2NX5', '2P5E', '2P5W', '2PO6', '2PYE', '2RFX', '2UWE', '2V2W', '2V2X', '2VB5', '2VLJ', '2VLK', '2VLL', '2VLR', '2X4N', '2X4O', '2X4P', '2X4Q', '2X4R', '2X4S', '2X4T', '2X4U', '2X70', '2X89', '2XKS', '2XKU', '2XPG', '2YPK', '2YPL', '2YXF', '2Z9T', '3AM8', '3B3I', '3B6S', '3BGM', '3BH8', '3BH9', '3BHB', '3BO8', '3BP4', '3BP7', '3BVN', '3BW9', '3BWA', '3BXN', '3BZE', '3BZF', '3C9N', '3CDG', '3CII', '3CIQ', '3CZF', '3D18', '3D25', '3D2U', '3D39', '3D3V', '3DBX', '3DHJ', '3DHM', '3DTX', '3DX6', '3DX7', '3DX8', '3DXA', '3EKC', '3FFC', '3FQN', '3FQR', '3FQT', '3FQU', '3FQW', '3FQX', '3FT2', '3FT3', '3FT4', '3GIV', '3GJF', '3GSN', '3GSO', '3GSQ', '3GSR', '3GSU', '3GSV', '3GSW', '3GSX', '3H7B', '3H9H', '3H9S', '3HAE', '3HCV', '3HG1', '3HLA', '3HPJ', '3HUJ', '3I6G', '3I6K', '3I6L', '3IB4', '3IXA', '3JTS', '3JTT', '3KLA', '3KPL', '3KPM', '3KPN', '3KPO', '3KPP', '3KPQ', '3KPR', '3KPS', '3KWW', '3KXF', '3KYN', '3KYO', '3L3D', '3L3G', '3L3I', '3L3J', '3L3K', '3LKN', '3LKO', '3LKP', '3LKQ', '3LKR', '3LKS', '3LN4', '3LN5', '3LOW', '3LV3', '3M17', '3M1B', '3MGO', '3MGT', '3MR9', '3MRB', '3MRC', '3MRD', '3MRE', '3MRF', '3MRG', '3MRH', '3MRI', '3MRJ', '3MRK', '3MRL', '3MRM', '3MRN', '3MRO', '3MRP', '3MRQ', '3MRR', '3MV7', '3MV8', '3MV9', '3MYJ', '3MYZ', '3MZT', '3NFN', '3O3A', '3O3B', '3O3D', '3O3E', '3O4L', '3OV6', '3OX8', '3OXR', '3OXS', '3PWJ', '3PWL', '3PWN', '3PWP', '3QDA', '3QDG', '3QDJ', '3QDM', '3QEQ', '3QFD', '3QFJ', '3QZW', '3REW', '3RL1', '3RL2', '3RWC', '3RWD', '3RWE', '3RWF', '3RWG', '3RWH', '3RWI', '3RWJ', '3S6C', '3SDX', '3SJV', '3SKM', '3SKO', '3SPV', '3T8X', '3TID', '3TIE', '3TLR', '3TM6', '3TO2', '3TZV', '3U0P', '3UPR', '3UTQ', '3UTS', '3UTT', '3V5D', '3V5H', '3V5K', '3VCL', '3VFM', '3VFN', '3VFO', '3VFP', '3VFR', '3VFS', '3VFT', '3VFU', '3VFV', '3VFW', '3VH8', '3VRI', '3VRJ', '3VWJ', '3VWK', '3VXM', '3VXN', '3VXO', '3VXP', '3VXR', '3VXS', '3VXU', '3W0W', '3W39', '3WL9', '3WLB', '3WUW', '4E5X', '4EN3', '4EUP', '4F7M', '4F7P', '4F7T', '4FTV', '4FXL', '4G8G', '4G8I', '4G9D', '4G9F', '4GKN', '4GKS', '4GUP', '4HKJ', '4HWZ', '4HX1', '4I48', '4I4W', '4JFD', '4JFE', '4JFF', '4JFO', '4JFP', '4JFQ', '4JQV', '4JQX', '4JRX', '4JRY', '4K71', '4K7F', '4L29', '4L3C', '4L3E', '4L4T', '4L4V', '4LCW', '4LCY', '4LHU', '4LNR', '4M8V', '4MJ5', '4MJ6', '4MJI', '4MNQ', '4N0F', '4N0U', '4N8V', '4NNX', '4NNY', '4NO0', '4NO2', '4NQC', '4NQD', '4NQE', '4NQV', '4NQX', '4NT6', '4O2C', '4O2E', '4O2F', '4ONO', '4PJ5', '4PJ7', '4PJ8', '4PJ9', '4PJA', '4PJB', '4PJC', '4PJD', '4PJE', '4PJF', '4PJG', '4PJH', '4PJI', '4PJX', '4PR5', '4PRA', '4PRB', '4PRD', '4PRE', '4PRH', '4PRI', '4PRN', '4PRP', '4QOK', '4QRP', '4QRQ', '4QRR', '4QRS', '4QRT', '4QRU', '4U1H', '4U1I', '4U1J', '4U1K', '4U1L', '4U1M', '4U1N', '4U1S', '4U6X', '4U6Y', '4UQ2', '4UQ3', '4WDI', '4WJ5', '4WO4', '4WU5', '4WU7', '4X6C', '4X6D', '4X6E', '4X6F', '4XXC', '4Z76', '4Z77', '4Z78', '5BXF']",2E8D,True,22,4,0,8,0,48,True,0,0.0,218.2,"['2E8D', '1A1M', '1A1N', '1A1O', '1A6Z']",True,no helix,33.6,False
51483,37,37,34,36,0,[],2N4R,True,37,1,0,3,0,15,True,0,0.0,40.5,"['011X', '2N4R', '10MM']",True,no helix,33.2,False
20074,6,24,20,24,0,"['2G48', '2KIB', '3DGJ']",2KIB,True,7,8,0,8,0,40,True,1,0.0,571.4,"['2G48', '2KIB', '3DGJ']",True,no helix,33.1,False
30121,28,28,23,27,0,['5KK3'],5KK3,True,32,18,0,72,0,234,True,4,0.0,731.2,['5KK3'],True,no helix,32.5,False
25429,28,28,22,25,0,"['2MXU', '1AMB', '1AMC', '1AML', '1BA4', '1BA6', '1HZ3', '1IYT', '1Z0Q', '2BEG', '2G47', '2LFM', '2LMN', '2LMO', '2LMP', '2LMQ', '2LNQ', '2LP1', '2M4J', '2M9R', '2M9S', '2MVX', '2OTK', '2WK3', '3BAE', '3IFN', '4HIX', '4M1C', '4MVI', '4MVL', '4NGE', '4ONG', '5AEF']",2MXU,True,32,12,0,48,0,371,True,4,0.0,1159.4,"['2MXU', '1AMB', '1AMC', '1AML', '1BA4']",True,no helix,32.3,False
30304,46,46,35,45,0,['5W3N'],5W3N,True,61,9,0,45,0,144,True,15,0.0,236.1,['5W3N'],True,Δ=15; no helix,31.2,False
34012,44,44,34,44,0,['5LCB'],5LCB,True,59,14,59,0,545,0,True,15,923.7,0.0,['5LCB'],True,Δ=15; no strand,30.6,False
25004,21,21,17,0,0,"['2LNQ', '2MPZ']",2LNQ,True,26,8,0,16,0,100,True,5,0.0,384.6,"['2LNQ', '2MPZ']",True,no helix,29.3,False
19867,40,20,18,60,0,['2MMU'],2MMU,True,50,1,2,0,44,0,True,10,88.0,0.0,['2MMU'],True,Δ=10; no strand,16.9,False
11028,48,48,43,48,0,"['2RNM', '2KJ3', '2LBU']",2RNM,True,79,5,0,30,0,140,True,31,0.0,177.2,"['2RNM', '2KJ3', '2LBU']",False,residue mismatch Δ=31,0.0,False
11058,21,21,20,10,0,"['1GEA', '2D2P', '2JOD']",1GEA,True,20,1,1,0,13,0,True,1,65.0,0.0,"['1GEA', '2D2P', '2JOD']",False,no SS annotations in CIF,0.0,False
11059,28,27,25,16,0,"['1GEA', '2D2P', '2JOD']",1GEA,True,20,1,1,0,13,0,True,8,65.0,0.0,"['1GEA', '2D2P', '2JOD']",False,no SS annotations in CIF,0.0,False
11172,37,36,21,35,0,['1J7F'],1J7F,True,0,0,0,0,0,0,False,999,0.0,0.0,['1J7F'],False,all PDB CIF fetches failed,0.0,False
11512,76,76,70,0,0,[],,True,0,0,0,0,0,0,False,999,0.0,0.0,[],False,no PDB link,0.0,True
15546,62,58,46,57,0,"['2HI7', '2LEG', '2LTQ', '2ZUP', '2ZUQ', '3E9J']",2HI7,True,188,2,18,5,206,20,True,126,109.6,10.6,"['2HI7', '2LEG', '2LTQ', '2ZUP', '2ZUQ']",False,residue mismatch Δ=126,0.0,False
15955,154,153,131,146,0,['2L6X'],2L6X,True,235,1,8,0,175,0,True,81,74.5,0.0,['2L6X'],False,residue mismatch Δ=81,0.0,False
16391,139,134,121,128,0,"['2KLR', '2N0K', '2WJ7', '2YGD', '3L1G']",2KLR,True,82,2,2,12,6,94,True,57,7.3,114.6,"['2KLR', '2N0K', '2WJ7', '2YGD', '3L1G']",False,residue mismatch Δ=57,0.0,False
16565,179,171,145,140,0,"['1I45', '1NEY', '1NF0', '1YPI', '2YPI', '3YPI', '4FF7', '7TIM']",1I45,True,246,2,26,18,261,92,True,67,106.1,37.4,"['1I45', '1NEY', '1NF0', '1YPI', '2YPI']",False,residue mismatch Δ=67,0.0,False
16566,124,103,101,20,0,"['1I45', '1NEY', '1NF0', '1YPI', '2YPI', '3YPI', '4FF7', '7TIM']",1I45,True,246,2,26,18,261,92,True,122,106.1,37.4,"['1I45', '1NEY', '1NF0', '1YPI', '2YPI']",False,residue mismatch Δ=122,0.0,False
16939,68,66,47,63,0,"['1XQ8', '2KKW']",1XQ8,True,140,1,2,0,83,0,True,72,59.3,0.0,"['1XQ8', '2KKW']",False,residue mismatch Δ=72,0.0,False
17064,169,168,140,169,0,"['1XIO', '2M3G', '4TL3']",1XIO,True,217,1,8,0,193,0,True,48,88.9,0.0,"['1XIO', '2M3G', '4TL3']",False,residue mismatch Δ=48,0.0,False
17214,52,52,42,50,0,"['1XQ8', '2KKW']",1XQ8,True,140,1,2,0,83,0,True,88,59.3,0.0,"['1XQ8', '2KKW']",False,residue mismatch Δ=88,0.0,False
17361,53,53,43,51,0,"['1AP9', '1AT9', '1BM1', '1BRD', '1BRR', '1BRX', '1C3W', '1C8R', '1CWQ', '1DZE', '1E0P', '1F4Z', '1F50', '1FBB', '1FBK', '1IW6', '1IW9', '1IXF', '1JV6', '1JV7', '1KG8', '1KG9', '1KGB', '1KME', '1L0M', '1M0K', '1M0L', '1M0M', '1MGY', '1O0A', '1P8H', '1P8I', '1P8U', '1PXR', '1PXS', '1PY6', '1Q5I', '1Q5J', '1QHJ', '1QKO', '1QKP', '1QM8', '1R2N', '1R84', '1S51', '1S52', '1S53', '1S54', '1S8J', '1S8L', '1TN0', '1TN5', '1UCQ', '1VJM', '1X0I', '1X0K', '1X0S', '1XJI', '2AT9', '2BRD', '2I1X', '2I20', '2I21', '2NTU', '2NTW', '2WJK', '2WJL', '2ZFE', '2ZZL', '3COC', '3COD', '3HAN', '3HAO', '3HAP', '3HAQ', '3HAR', '3HAS', '3MBV', '3NS0', '3NSB', '3T45', '3UTV', '3UTW', '3UTX', '3UTY', '3VHZ', '3VI0', '4FPD', '4HWL', '4HYX', '4MD1', '4MD2', '4X31', '4X32', '4XXJ', '5A44', '5A45']",1AP9,True,219,1,10,0,134,0,True,166,61.2,0.0,"['1AP9', '1AT9', '1BM1', '1BRD', '1BRR']",False,residue mismatch Δ=166,0.0,False
17498,82,82,68,80,0,"['1XQ8', '2KKW']",1XQ8,True,140,1,2,0,83,0,True,58,59.3,0.0,"['1XQ8', '2KKW']",False,residue mismatch Δ=58,0.0,False
17499,193,193,180,192,0,"['1G6W', '1G6Y', '1HQO', '1JZR', '1K0A', '1K0B', '1K0C', '1K0D']",1G6W,True,234,4,66,16,706,69,True,41,301.7,29.5,"['1G6W', '1G6Y', '1HQO', '1JZR', '1K0A']",False,residue mismatch Δ=41,0.0,False
17570,178,178,165,167,0,"['1G6Y', '1G6W', '1HQO', '1JZR', '1K0A', '1K0B', '1K0C', '1K0D']",1G6Y,True,245,2,30,8,339,35,True,67,138.4,14.3,"['1G6Y', '1G6W', '1HQO', '1JZR', '1K0A']",False,residue mismatch Δ=67,0.0,False
17727,81,75,69,41,0,['2LES'],2LES,True,0,0,0,0,0,0,False,999,0.0,0.0,['2LES'],False,all PDB CIF fetches failed,0.0,False
17728,48,48,44,39,0,"['1NH4', '2C0W', '2C0X']",1NH4,True,44,1,1,0,44,0,True,4,100.0,0.0,"['1NH4', '2C0W', '2C0X']",False,no SS annotations in CIF,0.0,False
17744,77,71,65,39,0,[],,True,0,0,0,0,0,0,False,999,0.0,0.0,[],False,no PDB link,0.0,False
17817,89,86,38,74,0,['2L6X'],2L6X,True,235,1,8,0,175,0,True,146,74.5,0.0,['2L6X'],False,residue mismatch Δ=146,0.0,False
17910,54,50,37,49,0,"['1XQ8', '2KKW']",1XQ8,True,140,1,2,0,83,0,True,86,59.3,0.0,"['1XQ8', '2KKW']",False,residue mismatch Δ=86,0.0,False
17944,35,35,31,34,0,"['1F6M', '1KEB', '1M7T', '1OAZ', '1SKR', '1SKS', '1SKW', '1SL0', '1SL1', '1SL2', '1SRX', '1T7P', '1T8E', '1THO', '1TK0', '1TK5', '1TK8', '1TKD', '1TXX', '1X9M', '1X9S', '1X9W', '1XOA', '1XOB', '1ZCP', '1ZYQ', '1ZZY', '2AJQ', '2BTO', '2EIO', '2EIQ', '2FCH', '2FD3', '2H6X', '2H6Y', '2H6Z', '2H70', '2H71', '2H72', '2H73', '2H74', '2H75', '2H76', '2O8V', '2TIR', '2TRX', '3DXB', '3DYR', '4HU7', '4HU9', '4HUA', '4KCA', '4KCB', '4X43']",1F6M,True,320,8,58,110,597,542,True,285,186.6,169.4,"['1F6M', '1KEB', '1M7T', '1OAZ', '1SKR']",False,residue mismatch Δ=285,0.0,False
18024,132,122,108,118,0,[],1RUN,True,14,6,14,21,174,93,True,118,1242.9,664.3,['1RUN'],False,residue mismatch Δ=118,0.0,True
18207,50,50,40,48,0,"['1XQ8', '2KKW']",1XQ8,True,140,1,2,0,83,0,True,90,59.3,0.0,"['1XQ8', '2KKW']",False,residue mismatch Δ=90,0.0,False
18208,40,39,26,38,0,"['1XQ8', '2KKW']",1XQ8,True,140,1,2,0,83,0,True,100,59.3,0.0,"['1XQ8', '2KKW']",False,residue mismatch Δ=100,0.0,False
18232,54,54,45,53,0,[],,True,0,0,0,0,0,0,False,999,0.0,0.0,[],False,no PDB link,0.0,False
18243,49,49,26,47,0,"['1XQ8', '2KKW']",1XQ8,True,140,1,2,0,83,0,True,91,59.3,0.0,"['1XQ8', '2KKW']",False,residue mismatch Δ=91,0.0,False
18396,159,154,119,138,0,"['1A23', '1A24', '1A2J', '1A2L', '1A2M', '1AC1', '1ACV', '1BQ7', '1DSB', '1FVJ', '1FVK', '1TI1', '1U3A', '2B3S', '2B6M', '2HI7', '2LEG', '2ZUP', '3DKS', '3E9J', '4TKY', '4WET', '4WEY', '4WF4', '4WF5']",1A23,True,189,1,8,5,94,18,True,30,49.7,9.5,"['1A23', '1A24', '1A2J', '1A2L', '1A2M']",False,residue mismatch Δ=30,0.0,False
18406,22,21,18,22,0,[],,True,0,0,0,0,0,0,False,999,0.0,0.0,[],False,no PDB link,0.0,False
18407,22,22,19,22,0,['4CRN'],4CRN,True,430,2,21,34,213,165,True,408,49.5,38.4,['4CRN'],False,residue mismatch Δ=408,0.0,False
18543,151,142,123,124,0,"['1A23', '1A24', '1A2J', '1A2L', '1A2M', '1AC1', '1ACV', '1BQ7', '1DSB', '1FVJ', '1FVK', '1TI1', '1U3A', '2B3S', '2B6M', '2HI7', '2LEG', '2ZUP', '3DKS', '3E9J', '4TKY', '4WET', '4WEY', '4WF4', '4WF5']",1A23,True,189,1,8,5,94,18,True,38,49.7,9.5,"['1A23', '1A24', '1A2J', '1A2L', '1A2M']",False,residue mismatch Δ=38,0.0,False
18544,100,86,63,55,0,"['1A23', '1A24', '1A2J', '1A2L', '1A2M', '1AC1', '1ACV', '1BQ7', '1DSB', '1FVJ', '1FVK', '1TI1', '1U3A', '2B3S', '2B6M', '2HI7', '2LEG', '2ZUP', '3DKS', '3E9J', '4TKY', '4WET', '4WEY', '4WF4', '4WF5', '2K73', '2K74', '2LTQ', '2ZUQ']",1A23,True,189,1,8,5,94,18,True,89,49.7,9.5,"['1A23', '1A24', '1A2J', '1A2L', '1A2M']",False,residue mismatch Δ=89,0.0,False
18595,205,213,183,213,0,"['2M3G', '1XI0']",2M3G,True,229,3,27,6,541,18,True,24,236.2,7.9,"['2M3G', '1XI0']",False,residue mismatch Δ=24,0.0,False
18731,42,42,40,41,0,[],,True,0,0,0,0,0,0,False,999,0.0,0.0,[],False,no PDB link,0.0,False
18814,46,43,43,7,0,[],,True,0,0,0,0,0,0,False,999,0.0,0.0,[],False,no PDB link,0.0,False
18860,64,78,64,77,0,"['1XQ8', '2KKW']",1XQ8,True,140,1,2,0,83,0,True,76,59.3,0.0,"['1XQ8', '2KKW']",False,residue mismatch Δ=76,0.0,False
19194,127,118,23,109,0,"['1YA7', '1PMA', '1YAR', '1YAU', '2KU1', '2KU2', '3C91', '3C92', '3IPM', '3J9I', '3JRM', '3JSE', '3JTL', '1FNT', '1Z7Q']",1YA7,True,227,21,134,166,2414,875,True,100,1063.4,385.5,"['1YA7', '1PMA', '1YAR', '1YAU', '2KU1']",False,residue mismatch Δ=100,0.0,False
19575,194,184,158,188,0,"['1AFV', '1AK4', '1E6J', '1GWP', '1L6N', '1M9C', '1M9E', '1M9F', '1M9X', '1M9Y', '1VU4', '1VU5', '1VU6', '1VU7', '1VU8', '1VU9', '1VUA', '1VUC', '1VUD', '1VUE', '1VUF', '1VUG', '1VUH', '1VUI', '1VUJ', '1VUK', '1VUL', '1VUM', '1VUN', '1VUO', '1VUP', '1VUQ', '1VUR', '1VUS', '1VUT', '1VUU', '1VUV', '1VUW', '1VUX', '1VUY', '1VUZ', '1VV0', '1VV1', '1VV2', '1VV3', '1VV4', '1VV5', '1VV6', '1VV7', '1VV8', '1VV9', '1VVA', '1VVB', '1VVF', '1VVG', '1VVH', '1VVI', '2GOL', '2JPR', '2LF4', '2M8L', '2M8N', '2M8P', '2PWM', '2PWO', '2PXR', '2X2D', '2X83', '3DIK', '3GV2', '3H47', '3H4E', '3J34', '3J4F', '3MGE', '3NTE', '3P05', '3P0A', '4ARG', '4B4N', '4D1K', '4E91', '4E92', '4INB', '4J93', '4LQW', '4NX4', '4QNB', '4U0A', '4U0B', '4U0C', '4U0D', '4U0E', '4U0F', '4USN', '4WYM', '4XFX', '4XFY', '4XFZ']",1AFV,True,151,6,36,69,246,392,True,43,162.9,259.6,"['1AFV', '1AK4', '1E6J', '1GWP', '1L6N']",False,residue mismatch Δ=43,0.0,False
19754,96,96,86,94,0,"['2KDC', '3ZE4', '3ZE5', '4CJZ', '4CK0', '4UP6', '4UXW', '4UXX']",2KDC,True,121,3,18,0,297,0,True,25,245.5,0.0,"['2KDC', '3ZE4', '3ZE5', '4CJZ', '4CK0']",False,residue mismatch Δ=25,0.0,False
19767,30,29,23,28,0,"['4BCZ', '4BD4']",4BCZ,True,110,2,0,16,0,116,True,80,0.0,105.5,"['4BCZ', '4BD4']",False,residue mismatch Δ=80,0.0,False
19831,118,117,104,117,0,"['2YLK', '3ZQX', '4C8X']",2YLK,True,145,4,9,56,28,269,True,27,19.3,185.5,"['2YLK', '3ZQX', '4C8X']",False,residue mismatch Δ=27,0.0,False
25146,15,30,28,10,0,[],,True,0,0,0,0,0,0,False,999,0.0,0.0,[],False,no PDB link,0.0,False
25290,100,82,56,82,0,"['1XIO', '2M3G', '4TL3']",1XIO,True,217,1,8,0,193,0,True,117,88.9,0.0,"['1XIO', '2M3G', '4TL3']",False,residue mismatch Δ=117,0.0,False
25334,159,159,143,159,0,[],,True,0,0,0,0,0,0,False,999,0.0,0.0,[],False,no PDB link,0.0,False
25413,86,80,60,77,0,[],,True,0,0,0,0,0,0,False,999,0.0,0.0,[],False,no PDB link,0.0,False
25518,44,40,30,39,0,['2N0A'],2N0A,True,140,10,3,55,15,474,True,96,10.7,338.6,['2N0A'],False,residue mismatch Δ=96,0.0,False
25535,55,55,45,55,0,[],,True,0,0,0,0,0,0,False,999,0.0,0.0,[],False,no PDB link,0.0,False
26307,36,36,31,32,31,[],,True,0,0,0,0,0,0,False,999,0.0,0.0,[],False,no PDB link,0.0,False
26548,110,113,107,112,0,[],10MS,True,0,0,0,0,0,0,False,999,0.0,0.0,"['10MS', '20MS', '50MS']",False,all PDB CIF fetches failed,0.0,False
26550,82,81,75,81,0,[],,True,0,0,0,0,0,0,False,999,0.0,0.0,[],False,no PDB link,0.0,False
26604,70,70,65,66,0,[],,True,0,0,0,0,0,0,False,999,0.0,0.0,[],False,no PDB link,0.0,False
26614,82,82,80,77,0,[],20MS,True,0,0,0,0,0,0,False,999,0.0,0.0,['20MS'],False,all PDB CIF fetches failed,0.0,False
26692,38,38,32,38,0,[],,True,0,0,0,0,0,0,False,999,0.0,0.0,[],False,no PDB link,0.0,False
26706,37,37,35,37,0,[],,True,0,0,0,0,0,0,False,999,0.0,0.0,[],False,no PDB link,0.0,False
26715,29,29,27,28,1,[],20MS,True,0,0,0,0,0,0,False,999,0.0,0.0,['20MS'],False,all PDB CIF fetches failed,0.0,False
26805,190,190,158,189,0,[],,True,0,0,0,0,0,0,False,999,0.0,0.0,[],False,no PDB link,0.0,False
26879,56,54,44,53,0,"['2Q1E', '2Q20', '3CDY']",2Q1E,True,109,4,4,40,20,202,True,53,18.3,185.3,"['2Q1E', '2Q20', '3CDY']",False,residue mismatch Δ=53,0.0,False
26883,123,110,91,121,0,[],,True,0,0,0,0,0,0,False,999,0.0,0.0,[],False,no PDB link,0.0,False
26890,52,56,45,56,0,[],,True,0,0,0,0,0,0,False,999,0.0,0.0,[],False,no PDB link,0.0,False
26900,26,25,24,26,0,[],,True,0,0,0,0,0,0,False,999,0.0,0.0,[],False,no PDB link,0.0,False
26910,50,50,46,47,0,[],,True,0,0,0,0,0,0,False,999,0.0,0.0,[],False,no PDB link,0.0,False
26913,55,141,44,86,81,[],,True,0,0,0,0,0,0,False,999,0.0,0.0,[],False,no PDB link,0.0,False
26924,31,30,17,30,0,[],,True,0,0,0,0,0,0,False,999,0.0,0.0,[],False,no PDB link,0.0,False
26925,29,28,19,28,0,[],,True,0,0,0,0,0,0,False,999,0.0,0.0,[],False,no PDB link,0.0,False
26926,28,27,15,27,0,[],,True,0,0,0,0,0,0,False,999,0.0,0.0,[],False,no PDB link,0.0,False
27039,40,40,37,39,0,"['2KFB', '4JGF']",2KFB,True,174,1,3,14,17,72,True,134,9.8,41.4,"['2KFB', '4JGF']",False,residue mismatch Δ=134,0.0,False
27045,17,28,32,4,0,[],,True,0,0,0,0,0,0,False,999,0.0,0.0,[],False,no PDB link,0.0,False
27065,36,35,27,34,0,[],,True,0,0,0,0,0,0,False,999,0.0,0.0,[],False,no PDB link,0.0,False
27099,161,161,124,151,0,[],,True,0,0,0,0,0,0,False,999,0.0,0.0,[],False,no PDB link,0.0,False
27201,85,81,43,81,0,[],,True,0,0,0,0,0,0,False,999,0.0,0.0,[],False,no PDB link,0.0,False
27219,56,56,49,55,0,[],,True,0,0,0,0,0,0,False,999,0.0,0.0,[],False,no PDB link,0.0,False
27220,56,56,49,55,0,[],,True,0,0,0,0,0,0,False,999,0.0,0.0,[],False,no PDB link,0.0,False
27232,70,70,59,0,0,[],,True,0,0,0,0,0,0,False,999,0.0,0.0,[],False,no PDB link,0.0,False
27402,68,68,61,66,0,[],548X,True,0,0,0,0,0,0,False,999,0.0,0.0,['548X'],False,all PDB CIF fetches failed,0.0,False
27437,84,98,75,89,0,[],13CA,True,0,0,0,0,0,0,False,999,0.0,0.0,"['13CA', '13CB']",False,all PDB CIF fetches failed,0.0,False
27457,77,76,63,76,0,[],5PL6,True,331,1,15,16,126,83,True,254,38.1,25.1,['5PL6'],False,residue mismatch Δ=254,0.0,False
27468,163,161,126,151,0,[],1HD1,True,75,1,2,4,21,22,True,88,28.0,29.3,"['1HD1', '13CB', '13CD', '13CG', '1HG2']",False,residue mismatch Δ=88,0.0,False
27555,66,63,59,63,0,[],,True,0,0,0,0,0,0,False,999,0.0,0.0,[],False,no PDB link,0.0,False
27556,52,52,30,50,0,[],3IA3,True,90,4,23,0,358,0,True,38,397.8,0.0,"['12H2', '3IA3', '1C3C']",False,residue mismatch Δ=38,0.0,False
27562,53,52,45,51,0,[],,True,0,0,0,0,0,0,False,999,0.0,0.0,[],False,no PDB link,0.0,False
27570,102,97,86,99,0,[],,True,0,0,0,0,0,0,False,999,0.0,0.0,[],False,no PDB link,0.0,False
27572,32,32,29,32,24,"['1WCO', '1H11', '2H11', '3H11']",1WCO,True,2,2,1,0,6,0,True,30,300.0,0.0,"['1WCO', '1H11', '2H11', '3H11']",False,no SS annotations in CIF,0.0,False
27589,203,202,183,198,0,[],,True,0,0,0,0,0,0,False,999,0.0,0.0,[],False,no PDB link,0.0,False
27590,236,236,220,236,0,[],,True,0,0,0,0,0,0,False,999,0.0,0.0,[],False,no PDB link,0.0,False
27602,83,159,137,156,0,"['2MKW', '2MMX', '2W0K', '2W0L', '3B5G', '3BDX', '5C9K', '5JPJ']",2MKW,True,111,1,1,13,5,65,True,28,4.5,58.6,"['2MKW', '2MMX', '2W0K', '2W0L', '3B5G']",False,residue mismatch Δ=28,0.0,False
27676,40,36,16,33,0,"['1BL8', '1F6G']",1BL8,True,97,4,12,0,260,0,True,57,268.0,0.0,"['1BL8', '1F6G']",False,residue mismatch Δ=57,0.0,False
27678,42,41,16,33,0,"['1BL8', '1F6G']",1BL8,True,97,4,12,0,260,0,True,55,268.0,0.0,"['1BL8', '1F6G']",False,residue mismatch Δ=55,0.0,False
27679,40,33,14,32,0,"['1BL8', '1F6G']",1BL8,True,97,4,12,0,260,0,True,57,268.0,0.0,"['1BL8', '1F6G']",False,residue mismatch Δ=57,0.0,False
27680,37,28,15,28,0,"['1BL8', '1F6G']",1BL8,True,97,4,12,0,260,0,True,60,268.0,0.0,"['1BL8', '1F6G']",False,residue mismatch Δ=60,0.0,False
27776,106,100,72,90,0,[],,True,0,0,0,0,0,0,False,999,0.0,0.0,[],False,no PDB link,0.0,False
27879,190,184,161,182,115,"['2HOB', '3HOB', '2HOA', '1HN6', '2HN6']",2HOB,True,306,2,10,15,90,97,True,116,29.4,31.7,"['2HOB', '3HOB', '2HOA', '1HN6', '2HN6']",False,residue mismatch Δ=116,0.0,False
27959,150,146,131,144,111,[],,True,0,0,0,0,0,0,False,999,0.0,0.0,[],False,no PDB link,0.0,False
27980,27,27,21,0,0,[],,True,0,0,0,0,0,0,False,999,0.0,0.0,[],False,no PDB link,0.0,False
28029,12,24,20,0,0,[],,True,0,0,0,0,0,0,False,999,0.0,0.0,[],False,no PDB link,0.0,False
28035,90,89,85,88,0,[],5PL6,True,331,1,15,16,126,83,True,241,38.1,25.1,['5PL6'],False,residue mismatch Δ=241,0.0,False
30035,194,184,158,188,0,['5IRT'],5IRT,True,19,2,2,0,30,0,True,175,157.9,0.0,['5IRT'],False,residue mismatch Δ=175,0.0,False
30094,112,110,97,100,103,['5JZR'],5JZR,True,131,2,4,14,59,81,True,19,45.0,61.8,['5JZR'],False,residue mismatch Δ=19,0.0,False
34088,170,477,277,425,0,['5MWV'],5MWV,True,281,1,4,16,21,130,True,111,7.5,46.3,['5MWV'],False,residue mismatch Δ=111,0.0,False
50026,56,51,31,52,0,[],,True,0,0,0,0,0,0,False,999,0.0,0.0,[],False,no PDB link,0.0,False
50089,337,332,296,326,296,['1ANF'],1ANF,True,370,1,16,10,170,45,True,33,45.9,12.2,['1ANF'],False,residue mismatch Δ=33,0.0,False
50123,300,318,288,316,0,[],1P7B,True,258,2,13,24,179,134,True,42,69.4,51.9,"['1P7B', '18MG']",False,residue mismatch Δ=42,0.0,False
50135,300,303,281,303,0,['1P7B'],1P7B,True,258,2,13,24,179,134,True,42,69.4,51.9,['1P7B'],False,residue mismatch Δ=42,0.0,False
50192,54,54,47,51,0,['5L6Q'],5L6Q,True,108,2,4,24,20,132,True,54,18.5,122.2,['5L6Q'],False,residue mismatch Δ=54,0.0,False
50275,116,116,113,116,0,[],,True,0,0,0,0,0,0,False,999,0.0,0.0,[],False,no PDB link,0.0,False
50312,21,20,15,19,0,[],144D,True,11,2,0,0,0,0,True,10,0.0,0.0,"['270X', '142G', '143S', '144D']",False,no SS annotations in CIF,0.0,False
50380,97,97,81,97,0,[],613X,True,0,0,0,0,0,0,False,999,0.0,0.0,['613X'],False,all PDB CIF fetches failed,0.0,False
50423,69,67,67,69,0,[],800M,True,0,0,0,0,0,0,False,999,0.0,0.0,['800M'],False,all PDB CIF fetches failed,0.0,False
50428,51,49,49,45,36,[],,True,0,0,0,0,0,0,False,999,0.0,0.0,[],False,no PDB link,0.0,False
50541,235,234,218,226,0,[],,True,0,0,0,0,0,0,False,999,0.0,0.0,[],False,no PDB link,0.0,False
50550,224,223,205,219,0,[],,True,0,0,0,0,0,0,False,999,0.0,0.0,[],False,no PDB link,0.0,False
50585,60,60,50,59,0,[],,True,0,0,0,0,0,0,False,999,0.0,0.0,[],False,no PDB link,0.0,False
50746,40,40,34,34,0,[],,True,0,0,0,0,0,0,False,999,0.0,0.0,[],False,no PDB link,0.0,False
50785,105,104,91,102,0,[],0N3R,True,0,0,0,0,0,0,False,999,0.0,0.0,['0N3R'],False,all PDB CIF fetches failed,0.0,False
50852,85,83,69,81,0,"['1XQ8', '2KKW', '2N0A']",1XQ8,True,140,1,2,0,83,0,True,55,59.3,0.0,"['1XQ8', '2KKW', '2N0A']",False,residue mismatch Δ=55,0.0,False
50950,48,48,47,41,0,[],50MM,True,0,0,0,0,0,0,False,999,0.0,0.0,['50MM'],False,all PDB CIF fetches failed,0.0,False
50951,48,48,47,46,0,[],50MM,True,0,0,0,0,0,0,False,999,0.0,0.0,['50MM'],False,all PDB CIF fetches failed,0.0,False
50952,58,58,57,45,0,[],,True,0,0,0,0,0,0,False,999,0.0,0.0,[],False,no PDB link,0.0,False
50959,129,122,104,119,105,[],084X,True,0,0,0,0,0,0,False,999,0.0,0.0,['084X'],False,all PDB CIF fetches failed,0.0,False
51008,36,38,32,37,0,[],,True,0,0,0,0,0,0,False,999,0.0,0.0,[],False,no PDB link,0.0,False
51009,37,44,36,43,0,[],,True,0,0,0,0,0,0,False,999,0.0,0.0,[],False,no PDB link,0.0,False
51166,349,492,422,402,0,"['1H2A', '2H2A', '3H2A', '1H5A', '2H5A', '2HOP', '3HOP', '1H14', '2H14', '1H15', '2H15']",1H2A,True,267,2,43,14,361,84,True,82,135.2,31.5,"['1H2A', '2H2A', '3H2A', '1H5A', '2H5A']",False,residue mismatch Δ=82,0.0,False
51180,41,88,42,79,0,[],136X,True,0,0,0,0,0,0,False,999,0.0,0.0,['136X'],False,all PDB CIF fetches failed,0.0,False
51181,40,124,60,117,0,[],136X,True,0,0,0,0,0,0,False,999,0.0,0.0,['136X'],False,all PDB CIF fetches failed,0.0,False
51284,83,80,72,82,0,[],270X,True,0,0,0,0,0,0,False,999,0.0,0.0,"['270X', '10MM']",False,all PDB CIF fetches failed,0.0,False
51285,45,45,35,13,0,[],,True,0,0,0,0,0,0,False,999,0.0,0.0,[],False,no PDB link,0.0,False
51331,87,86,77,85,0,[],,True,0,0,0,0,0,0,False,999,0.0,0.0,[],False,no PDB link,0.0,False
51391,86,86,78,85,0,[],10MM,True,0,0,0,0,0,0,False,999,0.0,0.0,['10MM'],False,all PDB CIF fetches failed,0.0,False
51402,74,72,65,72,0,[],273K,True,0,0,0,0,0,0,False,999,0.0,0.0,['273K'],False,all PDB CIF fetches failed,0.0,False
51506,104,101,95,101,74,[],,True,0,0,0,0,0,0,False,999,0.0,0.0,[],False,no PDB link,0.0,False
51584,22,21,13,21,0,['5OQV'],5OQV,True,42,9,0,27,0,270,True,20,0.0,642.9,['5OQV'],False,residue mismatch Δ=20,0.0,False
51639,203,192,149,177,0,[],50MM,True,0,0,0,0,0,0,False,999,0.0,0.0,['50MM'],False,all PDB CIF fetches failed,0.0,False
51678,46,45,35,42,0,[],270X,True,0,0,0,0,0,0,False,999,0.0,0.0,['270X'],False,all PDB CIF fetches failed,0.0,False
51706,88,85,73,85,0,[],15BP,True,0,0,0,0,0,0,False,999,0.0,0.0,"['15BP', '30BP', '889X', '60BP']",False,all PDB CIF fetches failed,0.0,False
51779,74,72,66,72,0,[],273K,True,0,0,0,0,0,0,False,999,0.0,0.0,['273K'],False,all PDB CIF fetches failed,0.0,False
51785,213,287,269,226,0,['8AUR'],8AUR,True,233,3,18,22,135,174,True,20,57.9,74.7,['8AUR'],False,residue mismatch Δ=20,0.0,False
51788,87,87,77,86,0,[],298K,True,0,0,0,0,0,0,False,999,0.0,0.0,['298K'],False,all PDB CIF fetches failed,0.0,False
51820,92,92,85,92,0,[],,True,0,0,0,0,0,0,False,999,0.0,0.0,[],False,no PDB link,0.0,False
51825,130,130,116,129,0,[],298K,True,0,0,0,0,0,0,False,999,0.0,0.0,['298K'],False,all PDB CIF fetches failed,0.0,False
51865,36,36,31,34,0,[],,True,0,0,0,0,0,0,False,999,0.0,0.0,[],False,no PDB link,0.0,False
51866,34,34,30,32,0,[],,True,0,0,0,0,0,0,False,999,0.0,0.0,[],False,no PDB link,0.0,False
51867,22,42,39,40,0,[],,True,0,0,0,0,0,0,False,999,0.0,0.0,[],False,no PDB link,0.0,False
51880,40,45,38,187,0,"['1H11', '2H11', '3H11']",1H11,True,300,1,14,11,140,58,True,260,46.7,19.3,"['1H11', '2H11', '3H11']",False,residue mismatch Δ=260,0.0,False
51928,21,21,17,0,0,[],,True,0,0,0,0,0,0,False,999,0.0,0.0,[],False,no PDB link,0.0,False
51993,39,39,33,39,0,[],1CCC,True,291,1,13,5,155,16,True,252,53.3,5.5,['1CCC'],False,residue mismatch Δ=252,0.0,False
52006,37,37,31,37,0,[],,True,0,0,0,0,0,0,False,999,0.0,0.0,[],False,no PDB link,0.0,False
52012,73,73,65,73,0,[],,True,0,0,0,0,0,0,False,999,0.0,0.0,[],False,no PDB link,0.0,False
52014,125,123,103,108,115,"['1QGT', '2G33', '2G34', '3J2V', '4G93']",1QGT,True,142,4,30,0,406,0,True,17,285.9,0.0,"['1QGT', '2G33', '2G34', '3J2V', '4G93']",False,residue mismatch Δ=17,0.0,False
52070,77,72,61,64,0,[],,True,0,0,0,0,0,0,False,999,0.0,0.0,[],False,no PDB link,0.0,False
52090,37,37,36,36,0,[],,True,0,0,0,0,0,0,False,999,0.0,0.0,[],False,no PDB link,0.0,False
52099,29,34,30,34,0,[],,True,0,0,0,0,0,0,False,999,0.0,0.0,[],False,no PDB link,0.0,False
52104,36,36,35,35,0,[],,True,0,0,0,0,0,0,False,999,0.0,0.0,[],False,no PDB link,0.0,False
52197,82,164,150,164,0,[],,True,0,0,0,0,0,0,False,999,0.0,0.0,[],False,no PDB link,0.0,False
52252,31,31,30,24,0,[],896X,True,0,0,0,0,0,0,False,999,0.0,0.0,['896X'],False,all PDB CIF fetches failed,0.0,False
52337,35,35,27,34,0,[],12TH,True,0,0,0,0,0,0,False,999,0.0,0.0,"['12TH', '50MM']",False,all PDB CIF fetches failed,0.0,False
52338,27,27,22,25,0,[],50MM,True,0,0,0,0,0,0,False,999,0.0,0.0,['50MM'],False,all PDB CIF fetches failed,0.0,False
52340,56,55,47,54,0,[],351X,True,0,0,0,0,0,0,False,999,0.0,0.0,['351X'],False,all PDB CIF fetches failed,0.0,False
52380,66,61,51,59,0,[],13CB,True,0,0,0,0,0,0,False,999,0.0,0.0,"['13CB', '13CA']",False,all PDB CIF fetches failed,0.0,False
52400,299,283,241,289,148,[],136X,True,0,0,0,0,0,0,False,999,0.0,0.0,['136X'],False,all PDB CIF fetches failed,0.0,False
52468,54,53,50,28,0,[],908X,True,0,0,0,0,0,0,False,999,0.0,0.0,"['908X', '810X', '50MS']",False,all PDB CIF fetches failed,0.0,False
52512,44,41,27,39,34,[],,True,0,0,0,0,0,0,False,999,0.0,0.0,[],False,no PDB link,0.0,False
52584,137,133,91,120,0,[],,True,0,0,0,0,0,0,False,999,0.0,0.0,[],False,no PDB link,0.0,False
52628,25,28,25,12,0,[],,True,0,0,0,0,0,0,False,999,0.0,0.0,[],False,no PDB link,0.0,False
52654,34,32,29,27,32,[],24OC,True,0,0,0,0,0,0,False,999,0.0,0.0,['24OC'],False,all PDB CIF fetches failed,0.0,False
52793,110,590,427,275,0,[],,True,0,0,0,0,0,0,False,999,0.0,0.0,[],False,no PDB link,0.0,False
52969,84,79,67,78,0,[],4E3Q,True,439,4,72,64,926,292,True,355,210.9,66.5,"['4E3Q', '0N4R', '2N4R']",False,residue mismatch Δ=355,0.0,False
53314,33,33,24,25,0,[],,True,0,0,0,0,0,0,False,999,0.0,0.0,[],False,no PDB link,0.0,False
53315,50,50,35,47,0,[],,True,0,0,0,0,0,0,False,999,0.0,0.0,[],False,no PDB link,0.0,False
53484,69,124,117,119,0,[],,True,0,0,0,0,0,0,False,999,0.0,0.0,[],False,no PDB link,0.0,False
53519,90,89,72,81,0,[],,True,0,0,0,0,0,0,False,999,0.0,0.0,[],False,no PDB link,0.0,False
53571,106,102,84,103,0,[],621X,True,0,0,0,0,0,0,False,999,0.0,0.0,['621X'],False,all PDB CIF fetches failed,0.0,False
